<?xml version="1.0" encoding="UTF-8"?>
<sequence name="accountBalanceById_sq" onError="commonServiceFaultSequence" trace="disable" xmlns="http://ws.apache.org/ns/synapse">
    <sequence key="accountRequestInit_sq"/>
    <!--  Checking permissions -->
    <filter xpath="fn:boolean($ctx:IN_JWT_XML/accountRequestIds/permissions[text()='ReadBalances'])">
        <then/>
        <else>
            <payloadFactory media-type="json">
                <format>
					{
					"error": "Insufficient permissions to perform this operation",
					"code": "403"
					}
				</format>
                <args/>
            </payloadFactory>
            <property name="messageType" scope="axis2" type="STRING" value="application/json"/>
            <property name="HTTP_SC" scope="axis2" type="STRING" value="403"/>
            <respond/>
        </else>
    </filter>
    <property expression="$ctx:accountNumberFromJWT" name="accountId" scope="default" type="STRING"/>
    <property expression="fn:concat('/accounts/',$ctx:accountId, '/balances')" name="REST_URL_POSTFIX" scope="axis2" type="STRING"/>
    <call-template description="get account information from NIS" target="retrieveAccountInformation"/>
    <!-- @ToDo: retrieve 3 types of balances -->
    <payloadFactory media-type="json">
        <format>
        {
  "Data": {
    "Balance": [
      {
        "AccountId": "$1",
        "Amount": {
          "Amount": "$2",
          "Currency": "$3"
        },
        "CreditDebitIndicator": "$4",
        "Type": "InterimAvailable",
        "DateTime": "$5",
        "CreditLine": [
          {
            "Included": true,
            "Amount": {
              "Amount": "$6",
              "Currency": "$3"
            },
            "Type": "Pre-Agreed"
          }
        ]
      },
      {
        "AccountId": "$1",
        "Amount": {
          "Amount": "$7",
          "Currency": "$3"
        },
        "CreditDebitIndicator": "$8",
        "Type": "InterimAvailable",
        "DateTime": "$5",
        "CreditLine": [
          {
            "Included": true,
            "Amount": {
              "Amount": "$6",
              "Currency": "$3"
            },
            "Type": "Pre-Agreed"
          }
        ]
      },
      {
        "AccountId": "$1",
        "Amount": {
          "Amount": "$9",
          "Currency": "$3"
        },
        "CreditDebitIndicator": "$10",
        "Type": "InterimAvailable",
        "DateTime": "$5",
        "CreditLine": [
          {
            "Included": true,
            "Amount": {
              "Amount": "$6",
              "Currency": "$3"
            },
            "Type": "Pre-Agreed"
          }
        ]
      }
    ]
  },
  "Links": {
    "Self": "/accounts/$1/balances/"
  },
  "Meta": {
    "TotalPages": 1
  }
}
     </format>
        <args>
            <arg evaluator="xml" expression="$ctx:accountId"/>
            <arg evaluator="xml" expression="$body/cbs:CBSRoot/cbs:AccountInformationResponseRoot/cbs:LedgerBalance/text()" xmlns:cbs="https://www.bankofcyprus.co.uk/CBSRoot/RetrieveAccountInformation"/>
            <arg evaluator="xml" expression="$body/cbs:CBSRoot/cbs:AccountInformationResponseRoot/cbs:AccountCurrency" xmlns:cbs="https://www.bankofcyprus.co.uk/CBSRoot/RetrieveAccountInformation"/>
            <arg evaluator="xml" expression="$ctx:ledgerBalanceCreditDebitIndicator"/>
            <arg evaluator="xml" expression="get-property(&quot;SYSTEM_DATE&quot;, &quot;yyyy-MM-dd'T'HH:mm:ss'+00:00'&quot;)"/>
            <arg evaluator="xml" expression="$body/cbs:CBSRoot/cbs:AccountInformationResponseRoot/cbs:OverdraftLimit/text()" xmlns:cbs="https://www.bankofcyprus.co.uk/CBSRoot/RetrieveAccountInformation"/>
            <arg evaluator="xml" expression="$body/cbs:CBSRoot/cbs:AccountInformationResponseRoot/cbs:StatusBalance/text()" xmlns:cbs="https://www.bankofcyprus.co.uk/CBSRoot/RetrieveAccountInformation"/>
            <arg evaluator="xml" expression="$ctx:statusBalanceCreditDebitIndicator"/>
            <arg evaluator="xml" expression="$body/cbs:CBSRoot/cbs:AccountInformationResponseRoot/cbs:AvailableBalance/text()" xmlns:cbs="https://www.bankofcyprus.co.uk/CBSRoot/RetrieveAccountInformation"/>
            <arg evaluator="xml" expression="$ctx:availableBalanceCreditDebitIndicator"/>
        </args>
    </payloadFactory>
    <property name="messageType" scope="axis2" type="STRING" value="application/json"/>
    <header expression="$ctx:x-fapi-interaction-id" name="x-fapi-interaction-id" scope="transport"/>
    <respond/>
</sequence>
