<?xml version="1.0" encoding="UTF-8"?>
<template name="retrieveInforByAccountId" xmlns="http://ws.apache.org/ns/synapse">
    <parameter name="sortCode"/>
    <parameter name="extAccountId"/>
    <parameter name="transactionFromDateTime"/>
    <parameter name="toDateFormated"/>
    <sequence>
        <switch source="get-property('To')">
            <case regex=".*/accounts">
                <payloadFactory media-type="xml">
                    <format>
                        <getAccountInformation>
                            <sortCode>$1</sortCode>
                            <extAccountId>$2</extAccountId>
                        </getAccountInformation>
                    </format>
                    <args>
                        <arg evaluator="xml" expression="$func:sortCode"/>
                        <arg evaluator="xml" expression="$func:extAccountId"/>
                    </args>
                </payloadFactory>
            </case>
            <case regex=".*/scheduled-payments">
                <payloadFactory media-type="xml">
                    <format>
                        <getScheduledPaymentByAccountID>
                            <sortCode>$1</sortCode>
                            <extAccountId>$2</extAccountId>
                        </getScheduledPaymentByAccountID>
                    </format>
                    <args>
                        <arg evaluator="xml" expression="$func:sortCode"/>
                        <arg evaluator="xml" expression="$func:extAccountId"/>
                    </args>
                </payloadFactory>
            </case>
            <case regex=".*/standing-orders">
                <payloadFactory media-type="xml">
                    <format>
                        <getStandingOrdersByAccId>
                            <sortCode>$1</sortCode>
                            <extAccountId>$2</extAccountId>
                        </getStandingOrdersByAccId>
                    </format>
                    <args>
                        <arg evaluator="xml" expression="$func:sortCode"/>
                        <arg evaluator="xml" expression="$func:extAccountId"/>
                    </args>
                </payloadFactory>
            </case>
            <case regex=".*/direct-debits">
                <payloadFactory media-type="xml">
                    <format>
                        <getDirectDebitByExtAccIdAndSortCode>
                            <sortCode>$1</sortCode>
                            <extAccountId>$2</extAccountId>
                        </getDirectDebitByExtAccIdAndSortCode>
                    </format>
                    <args>
                        <arg evaluator="xml" expression="$func:sortCode"/>
                        <arg evaluator="xml" expression="$func:extAccountId"/>
                    </args>
                </payloadFactory>
            </case>
            <case regex=".*/statements">
                <payloadFactory media-type="xml">
                    <format>
                        <getScheduledPaymentByAccountID>
                            <sortCode>$1</sortCode>
                            <extAccountId>$2</extAccountId>
                        </getScheduledPaymentByAccountID>
                    </format>
                    <args>
                        <arg evaluator="xml" expression="$func:sortCode"/>
                        <arg evaluator="xml" expression="$func:extAccountId"/>
                    </args>
                </payloadFactory>
            </case>
            <case regex=".*/transactions">
                <payloadFactory media-type="xml">
                    <format>
                        <getTransactionsByAccId>
                            <sortCode>$1</sortCode>
                            <extAccountId>$2</extAccountId>
                            <transactionFromDateTime>$3</transactionFromDateTime>
                            <toDateFormated>$4</toDateFormated>
                        </getTransactionsByAccId>
                    </format>
                    <args>
                        <arg evaluator="xml" expression="$func:sortCode"/>
                        <arg evaluator="xml" expression="$func:extAccountId"/>
                        <arg evaluator="xml" expression="$func:transactionFromDateTime"/>
                        <arg evaluator="xml" expression="$func:toDateFormated"/>
                    </args>
                </payloadFactory>
            </case>
            <default/>
        </switch>
        <call-template description="setting http properties and calling NIS" target="callNISEndpoint"/>
        <filter regex="false" source="boolean($body/ns1:Entries)" xmlns:ns1="http://ws.wso2.org/dataservice">
            <then>
                <payloadFactory media-type="json">
                    <format>
{
	"Error" : "Error occurred at the backend",
	"code" : "500"
}
					</format>
                    <args/>
                </payloadFactory>
                <property name="HTTP_SC" scope="axis2" type="STRING" value="500"/>
                <respond/>
            </then>
            <else>
                <filter xpath="$body/ns1:Entries/ns1:Entry/ns1:BLOCKED/text()='Y' or $body/ns1:Entries/ns1:Entry/ns1:DECEASED_LIQUIDATED/text()='Y' or $body/ns1:Entries/ns1:Entry/ns1:CLOSED/text()='Y' or $body/ns1:Entries/ns1:Entry/ns1:DORMANT/text()='Y' or $body/ns1:Entries/ns1:Entry/ns1:LEGAL_DEBT/text()='Y'">
                    <then>
                        <property name="HTTP_SC" scope="axis2" type="STRING" value="400"/>
                        <payloadFactory media-type="json">
                            <format>
{
	"Error": "$1 is an invalid account. This account is either Blocked/Closed/Dorment/Legal debt/Deceased or
		Liquidated.",
	"Code":"400"
}
							</format>
                            <args>
                                <arg evaluator="xml" expression="$ctx:consentId"/>
                            </args>
                        </payloadFactory>
                        <respond/>
                    </then>
                    <else/>
                </filter>
            </else>
        </filter>
    </sequence>
</template>
