<?xml version="1.0" encoding="UTF-8"?>
<sequence name="retrieveAndValidateAccountIds_sq" onError="commonServiceFaultSequence" trace="disable" xmlns="http://ws.apache.org/ns/synapse">
    <property expression="get-property('uri.var.AccountId')" name="accountId" scope="default" type="STRING"/>
    <filter regex="true" source="boolean($ctx:accountId)">
        <then>
            <property expression="$ctx:accountId" name="externalAccountNumber" scope="default" type="STRING"/>
        </then>
        <else/>
    </filter>
    <property expression="$ctx:IN_JWT_XML/accountRequestIds/accountId" name="accountNumberFromJWT" scope="default" type="STRING"/>
    <!-- This validation is no more required and removed from 3.1.1 
    <filter xpath="fn:not(fn:boolean($ctx:accountId=$ctx:accountNumberFromJWT))">
        <then>
            <payloadFactory media-type="json">
                <format>
							{
							"error": "Insufficient permissions to perform this operation",
							"code": "403"
							}
				</format>
                <args/>
            </payloadFactory>
            <property name="HTTP_SC" scope="axis2" type="STRING" value="403"/>
            <respond/>
        </then>
        <else/>
    </filter>
    -->
    <log category="DEBUG" level="custom">
        <property expression="$ctx:accountNumberFromJWT" name="External Account Number"/>
    </log>
</sequence>
