<?xml version="1.0" encoding="UTF-8"?>
<sequence name="standingOrders_sq" onError="commonServiceFaultSequence" trace="disable" xmlns="http://ws.apache.org/ns/synapse">
    <sequence description="Performing initial tasks" key="accountRequestInit_sq"/>
    <filter xpath="fn:boolean($ctx:IN_JWT_XML/accountRequestIds/permissions[text()='ReadStandingOrdersDetail']) or fn:boolean($ctx:IN_JWT_XML/accountRequestIds/permissions[text()='ReadStandingOrdersBasic'])">
        <then/>
        <else>
            <payloadFactory media-type="json">
                <format>
					{
					"error": "Insufficient permissions to perform this operation",
					"code": "403"
					}
				</format>
                <args/>
            </payloadFactory>
            <property name="messageType" scope="axis2" type="STRING" value="application/json"/>
            <property name="HTTP_SC" scope="axis2" type="STRING" value="403"/>
            <respond/>
        </else>
    </filter>
    <iterate expression="$ctx:IN_JWT_XML/accountRequestIds/accountId">
        <target>
            <sequence>
                <property action="remove" name="Content-Type" scope="transport"/>
                <property expression="$body/accountId/text()" name="accountId" scope="default" type="STRING"/>
                <!-- call template to retrieve sortCode and external account Id -->
                <call-template description="get sortCode and extAccNumber" target="retrieveExtAccIdAndSortCode"/>
                <call-template description="RetrieveInformation from NIS using Acc.ID" target="retrieveInforByAccountId">
                    <with-param name="sortCode" value="{$ctx:sortCode}"/>
                    <with-param name="extAccountId" value="{$ctx:extAccountId}"/>
                </call-template>
                <foreach expression="$body/ns1:Entries/ns1:Entry" xmlns:ns1="http://ws.wso2.org/dataservice">
                    <sequence>
                        <filter xpath="fn:boolean($ctx:IN_JWT_XML/accountRequestIds/permissions[text()='ReadStandingOrdersDetail'])">
                            <then>
                                <payloadFactory media-type="xml">
                                    <format>
                                        <StandingOrder xmlns="">
                                            <AccountId>$1</AccountId>
                                            <StandingOrderId>$2</StandingOrderId>
                                            <Frequency>$3</Frequency>
                                            <Reference>$4</Reference>
                                            <FirstPaymentDateTime>$5</FirstPaymentDateTime>
                                            <FirstPaymentAmount>
                                                <Amount>$6</Amount>
                                                <Currency>$7</Currency>
                                            </FirstPaymentAmount>
                                            <NextPaymentDateTime>$8</NextPaymentDateTime>
                                            <NextPaymentAmount>
                                                <Amount>$9</Amount>
                                                <Currency>$10</Currency>
                                            </NextPaymentAmount>
                                            <FinalPaymentDateTime>$11</FinalPaymentDateTime>
                                            <FinalPaymentAmount>
                                                <Amount>$12</Amount>
                                                <Currency>$13</Currency>
                                            </FinalPaymentAmount>
                                            <StandingOrderStatusCode>$14</StandingOrderStatusCode>
                                            <CreditorAgent>
                                                <SchemeName>$15</SchemeName>
                                                <Identification>$16</Identification>
                                            </CreditorAgent>
                                            <CreditorAccount>
                                                <SchemeName>$17</SchemeName>
                                                <Identification>$18</Identification>
                                                <Name>$19</Name>
                                                <SecondaryIdentification/>
                                            </CreditorAccount>
                                        </StandingOrder>
                                    </format>
                                    <args>
                                        <arg evaluator="xml" expression="$ctx:accountId"/>
                                        <arg evaluator="xml" expression="$body/ns1:Entry/ns1:STANDING_ODR_ID/text()"/>
                                        <arg evaluator="xml" expression="$body/ns1:Entry/ns1:FREQUENCY/text()"/>
                                        <arg evaluator="xml" expression="$body/ns1:Entry/ns1:REFRENCE/text()"/>
                                        <arg evaluator="xml" expression="$body/ns1:Entry/ns1:FIRST_PYMNT_DT/text()"/>
                                        <arg evaluator="xml" expression="$body/ns1:Entry/ns1:FIRST_PYMNT_AMOUNT/text()"/>
                                        <arg evaluator="xml" expression="$body/ns1:Entry/ns1:FIRST_PYMNT_CURRENCY/text()"/>
                                        <arg evaluator="xml" expression="$body/ns1:Entry/ns1:NEXT_PYMNT_DT/text()"/>
                                        <arg evaluator="xml" expression="$body/ns1:Entry/ns1:NEXT_PYMNT_AMOUNT/text()"/>
                                        <arg evaluator="xml" expression="$body/ns1:Entry/ns1:NEXT_PYMNT_CURRENCY/text()"/>
                                        <arg evaluator="xml" expression="$body/ns1:Entry/ns1:FINAL_PYMNT_DT/text()"/>
                                        <arg evaluator="xml" expression="$body/ns1:Entry/ns1:FINAL_PYMNT_AMOUNT/text()"/>
                                        <arg evaluator="xml" expression="$body/ns1:Entry/ns1:FINAL_PYMNT_CURRENCY/text()"/>
                                        <arg evaluator="xml" expression="$body/ns1:Entry/ns1:STATUS_CODE/text()"/>
                                        <arg evaluator="xml" expression="$body/ns1:Entry/ns1:CRDTR_AGENT_SCHEME_NAME/text()"/>
                                        <arg evaluator="xml" expression="$body/ns1:Entry/ns1:CRDTR_AGENT_ID/text()"/>
                                        <arg evaluator="xml" expression="$body/ns1:Entry/ns1:CRDTR_ACC_SCHEME_NAME/text()"/>
                                        <arg evaluator="xml" expression="$body/ns1:Entry/ns1:CRDTR_ACC_ID/text()"/>
                                        <arg evaluator="xml" expression="$body/ns1:Entry/ns1:CRDTR_ACC_NAME/text()"/>
                                    </args>
                                </payloadFactory>
                            </then>
                            <else>
                                <filter xpath="fn:boolean($ctx:IN_JWT_XML/accountRequestIds/permissions[text()='ReadStandingOrdersBasic'])">
                                    <then>
                                        <payloadFactory media-type="xml">
                                            <format>
                                                <StandingOrder xmlns="">
                                                    <AccountId>$1</AccountId>
                                                    <StandingOrderId>$2</StandingOrderId>
                                                    <Frequency>$3</Frequency>
                                                    <Reference>$4</Reference>
                                                    <FirstPaymentDateTime>$5</FirstPaymentDateTime>
                                                    <FirstPaymentAmount>
                                                        <Amount>$6</Amount>
                                                        <Currency>$7</Currency>
                                                    </FirstPaymentAmount>
                                                    <NextPaymentDateTime>$8</NextPaymentDateTime>
                                                    <NextPaymentAmount>
                                                        <Amount>$9</Amount>
                                                        <Currency>$7</Currency>
                                                    </NextPaymentAmount>
                                                    <StandingOrderStatusCode>Active</StandingOrderStatusCode>
                                                    <FinalPaymentDateTime>$10</FinalPaymentDateTime>
                                                    <FinalPaymentAmount>
                                                        <Amount>$11</Amount>
                                                        <Currency>$7</Currency>
                                                    </FinalPaymentAmount>
                                                </StandingOrder>
                                            </format>
                                            <args>
                                                <arg evaluator="xml" expression="$ctx:accountId"/>
                                                <arg evaluator="xml" expression="$body/ns1:Entry/ns1:STANDING_ODR_ID/text()"/>
                                                <arg evaluator="xml" expression="$body/ns1:Entry/ns1:FREQUENCY/text()"/>
                                                <arg evaluator="xml" expression="$body/ns1:Entry/ns1:REFRENCE/text()"/>
                                                <arg evaluator="xml" expression="$body/ns1:Entry/ns1:FIRST_PYMNT_DT/text()"/>
                                                <arg evaluator="xml" expression="$body/ns1:Entry/ns1:FIRST_PYMNT_AMOUNT/text()"/>
                                                <arg evaluator="xml" expression="$body/ns1:Entry/ns1:FIRST_PYMNT_CURRENCY/text()"/>
                                                <arg evaluator="xml" expression="$body/ns1:Entry/ns1:NEXT_PYMNT_DT/text()"/>
                                                <arg evaluator="xml" expression="$body/ns1:Entry/ns1:NEXT_PYMNT_AMOUNT/text()"/>
                                                <arg evaluator="xml" expression="$body/ns1:Entry/ns1:NEXT_PYMNT_CURRENCY/text()"/>
                                                <arg evaluator="xml" expression="$body/ns1:Entry/ns1:STATUS_CODE/text()"/>
                                                <arg evaluator="xml" expression="$body/ns1:Entry/ns1:FINAL_PYMNT_DT/text()"/>
                                                <arg evaluator="xml" expression="$body/ns1:Entry/ns1:FINAL_PYMNT_AMOUNT/text()"/>
                                                <arg evaluator="xml" expression="$body/ns1:Entry/ns1:FINAL_PYMNT_CURRENCY/text()"/>
                                            </args>
                                        </payloadFactory>
                                    </then>
                                    <else/>
                                </filter>
                            </else>
                        </filter>
                        <property expression="$body/StandingOrder" name="SO_BODY" scope="default" type="STRING"/>
                        <property expression="fn:concat(get-property('CONCATENATED_RESPONSE'),get-property('SO_BODY'))" name="CONCATENATED_RESPONSE" scope="default" type="STRING"/>
                    </sequence>
                </foreach>
                <payloadFactory media-type="xml">
                    <format>
                        <Account xmlns="">$1</Account>
                    </format>
                    <args>
                        <arg evaluator="xml" expression="$ctx:CONCATENATED_RESPONSE"/>
                    </args>
                </payloadFactory>
                <aggregate>
                    <completeCondition>
                        <messageCount max="-1" min="-1"/>
                    </completeCondition>
                    <onComplete expression="$body/Account">
                        <property name="CONCATENATED_BODY" scope="default" type="STRING" value=""/>
                        <foreach expression="$body/Account/StandingOrder">
                            <sequence>
                                <property expression="$body/StandingOrder" name="INTER_BODY" scope="default" type="STRING"/>
                                <property expression="fn:concat(get-property('CONCATENATED_BODY'),get-property('INTER_BODY'))" name="CONCATENATED_BODY" scope="default" type="STRING"/>
                            </sequence>
                        </foreach>
                        <payloadFactory media-type="xml">
                            <format>
                                <Response>
                                    <Data><?xml-multiple StandingOrder?>$1</Data>
                                    <Links>
                                        <Self>/standing-orders</Self>
                                    </Links>
                                    <Meta>
                                        <TotalPages>1</TotalPages>
                                    </Meta>
                                </Response>
                            </format>
                            <args>
                                <arg evaluator="xml" expression="$ctx:CONCATENATED_BODY"/>
                            </args>
                        </payloadFactory>
                        <property name="messageType" scope="axis2" type="STRING" value="application/json"/>
                        <payloadFactory media-type="json">
                            <format>
								$1
							</format>
                            <args>
                                <arg evaluator="json" expression="$.Response"/>
                            </args>
                        </payloadFactory>
                        <header expression="$ctx:x-fapi-interaction-id" name="x-fapi-interaction-id" scope="transport"/>
                        <respond/>
                    </onComplete>
                </aggregate>
            </sequence>
        </target>
    </iterate>
</sequence>
