<?xml version="1.0" encoding="UTF-8"?>
<sequence name="statementsByAccId_sq" onError="commonServiceFaultSequence" trace="disable" xmlns="http://ws.apache.org/ns/synapse">
    <sequence description="Performing initial tasks" key="accountRequestInit_sq"/>
    <filter xpath="fn:boolean($ctx:IN_JWT_XML/accountRequestIds/permissions[text()='ReadStatementsDetail']) or fn:boolean($ctx:IN_JWT_XML/accountRequestIds/permissions[text()='ReadStatementsBasic'])">
        <then/>
        <else>
            <payloadFactory media-type="json">
                <format>
					{
					"error": "Insufficient permissions to perform this operation",
					"code": "403"
					}
				</format>
                <args/>
            </payloadFactory>
            <property name="messageType" scope="axis2" type="STRING" value="application/json"/>
            <property name="HTTP_SC" scope="axis2" type="STRING" value="403"/>
            <respond/>
        </else>
    </filter>
    <!--  property expression="$ctx:IN_JWT_XML/accountRequestIds/accountId" name="accountId" scope="default" type="STRING"/ -->
    <property expression="get-property('uri.var.AccountId')" name="accountId" scope="default" type="STRING"/>
    <!-- call template to retrieve sortCode and external account Id -->
    <!-- call-template description="get sortCode and extAccNumber" target="retrieveExtAccIdAndSortCode"/ -->
    <!-- header expression="fn:concat('/',$ctx:accountId,'/statements')" name="To" scope="default"/-->
    <call-template description="RetrieveInformation from OLB using Acc.ID" target="retrieveStatementInfor">
        <with-param name="accountId" value="{$ctx:accountId}"/>
    </call-template>
    <property expression="$body" name="RESPONSE_BODY" scope="default" type="OM"/>
    <property name="CONCATENATED_RESPONSE" scope="default" type="STRING" value=""/>
    <foreach expression="$body/ns1:Entries/ns1:Entry" xmlns:ns1="http://ws.wso2.org/dataservice">
        <sequence>
            <filter xpath="fn:boolean($ctx:IN_JWT_XML/accountRequestIds/permissions[text()='ReadStatementsDetail'])">
                <then>
                    <payloadFactory media-type="xml">
                        <format>
                            <Statement xmlns="">
                                <AccountId>$1</AccountId>
                                <StatementId>$2</StatementId>
                                <StatementReference/>
                                <Type>$13</Type>
                                <StartDateTime/>
                                <EndDateTime/>
                                <CreationDateTime/><?xml-multiple StatementDescription?>
                                <StatementDescription>$10</StatementDescription>
                                <FinalPaymentDateTime/><?xml-multiple StatementAmount?>
                                <StatementAmount>
                                    <Amount>
                                        <Amount/>
                                        <Currency/>
                                    </Amount>
                                    <CreditDebitIndicator/>
                                    <Type>$13</Type>
                                </StatementAmount>
                            </Statement>
                        </format>
                        <args>
                            <arg evaluator="xml" expression="$ctx:accountId"/>
                            <arg evaluator="xml" expression="$body/ns1:Entry/ns1:ID/text()"/>
                            <arg evaluator="xml" expression="$body/ns1:Entry/ns1:APPLICATION_ID/text()"/>
                            <arg evaluator="xml" expression="$body/ns1:Entry/ns1:DELETED_BY/text()"/>
                            <arg evaluator="xml" expression="$body/ns1:Entry/ns1:DELETED_ON/text()"/>
                            <arg evaluator="xml" expression="$body/ns1:Entry/ns1:CREATED_ON/text()"/>
                            <arg evaluator="xml" expression="$body/ns1:Entry/ns1:CREATED_BY/text()"/>
                            <arg evaluator="xml" expression="$body/ns1:Entry/ns1:MODIFIED_BY/text()"/>
                            <arg evaluator="xml" expression="$body/ns1:Entry/ns1:MODIFIED_ON/text()"/>
                            <arg evaluator="xml" expression="$body/ns1:Entry/ns1:DOCUMENT_ID/text()"/>
                            <arg evaluator="xml" expression="$body/ns1:Entry/ns1:DOCUMENT_PATH/text()"/>
                            <arg evaluator="xml" expression="$body/ns1:Entry/ns1:DOCUMENT_DATE/text()"/>
                            <arg evaluator="xml" expression="$body/ns1:Entry/ns1:DOCUMENT_TYPE_ID/text()"/>
                        </args>
                    </payloadFactory>
                </then>
                <else>
                    <filter xpath="fn:boolean($ctx:IN_JWT_XML/accountRequestIds/permissions[text()='ReadStatementsBasic'])">
                        <then>
                            <payloadFactory media-type="xml">
                                <format>
                                    <Statement xmlns="">
                                        <AccountId>$1</AccountId>
                                        <StatementId>$2</StatementId>
                                        <StatementReference/>
                                        <Type>$13</Type>
                                        <StartDateTime/>
                                        <EndDateTime/>
                                        <CreationDateTime/><?xml-multiple StatementDescription?>
                                        <StatementDescription/>
                                        <FinalPaymentDateTime/>
                                    </Statement>
                                </format>
                                <args>
                                    <arg evaluator="xml" expression="$ctx:accountId"/>
                                    <arg evaluator="xml" expression="$body/ns1:Entry/ns1:ID/text()"/>
                                    <arg evaluator="xml" expression="$body/ns1:Entry/ns1:APPLICATION_ID/text()"/>
                                    <arg evaluator="xml" expression="$body/ns1:Entry/ns1:DELETED_BY/text()"/>
                                    <arg evaluator="xml" expression="$body/ns1:Entry/ns1:DELETED_ON/text()"/>
                                    <arg evaluator="xml" expression="$body/ns1:Entry/ns1:CREATED_ON/text()"/>
                                    <arg evaluator="xml" expression="$body/ns1:Entry/ns1:CREATED_BY/text()"/>
                                    <arg evaluator="xml" expression="$body/ns1:Entry/ns1:MODIFIED_BY/text()"/>
                                    <arg evaluator="xml" expression="$body/ns1:Entry/ns1:MODIFIED_ON/text()"/>
                                    <arg evaluator="xml" expression="$body/ns1:Entry/ns1:DOCUMENT_ID/text()"/>
                                    <arg evaluator="xml" expression="$body/ns1:Entry/ns1:DOCUMENT_PATH/text()"/>
                                    <arg evaluator="xml" expression="$body/ns1:Entry/ns1:DOCUMENT_DATE/text()"/>
                                    <arg evaluator="xml" expression="$body/ns1:Entry/ns1:DOCUMENT_TYPE_ID/text()"/>
                                </args>
                            </payloadFactory>
                        </then>
                        <else/>
                    </filter>
                </else>
            </filter>
            <property expression="$body/Statement" name="SO_BODY" scope="default" type="STRING"/>
            <property expression="fn:concat(get-property('CONCATENATED_RESPONSE'),get-property('SO_BODY'))" name="CONCATENATED_RESPONSE" scope="default" type="STRING"/>
        </sequence>
    </foreach>
    <payloadFactory media-type="xml">
        <format>
            <Response>
                <Data><?xml-multiple Statement?>$1</Data>
                <Links>
                    <Self>/accounts/$2/statements/</Self>
                </Links>
                <Meta>
                    <TotalPages>1</TotalPages>
                </Meta>
            </Response>
        </format>
        <args>
            <arg evaluator="xml" expression="$ctx:CONCATENATED_RESPONSE"/>
            <arg evaluator="xml" expression="$ctx:accountId"/>
        </args>
    </payloadFactory>
    <property name="messageType" scope="axis2" type="STRING" value="application/json"/>
    <payloadFactory media-type="json">
        <format>
			$1
		</format>
        <args>
            <arg evaluator="json" expression="$.Response"/>
        </args>
    </payloadFactory>
    <header expression="$ctx:x-fapi-interaction-id" name="x-fapi-interaction-id" scope="transport"/>
    <respond/>
</sequence>
