<?xml version="1.0" encoding="UTF-8"?>
<sequence name="scheduledPaymentByAccId_sq" onError="commonServiceFaultSequence" trace="disable" xmlns="http://ws.apache.org/ns/synapse">
    <sequence description="Performing initial tasks" key="accountRequestInit_sq"/>
    <filter xpath="fn:boolean($ctx:IN_JWT_XML/accountRequestIds/permissions[text()='ReadScheduledPaymentsDetail']) or fn:boolean($ctx:IN_JWT_XML/accountRequestIds/permissions[text()='ReadScheduledPaymentsBasic'])">
        <then/>
        <else>
            <payloadFactory media-type="json">
                <format>
					{
					"error": "Insufficient permissions to perform this operation",
					"code": "403"
					}
				</format>
                <args/>
            </payloadFactory>
            <property name="messageType" scope="axis2" type="STRING" value="application/json"/>
            <property name="HTTP_SC" scope="axis2" type="STRING" value="403"/>
            <respond/>
        </else>
    </filter>
    <property expression="$ctx:IN_JWT_XML/accountRequestIds/accountId" name="accountId" scope="default" type="STRING"/>
    <!-- call template to retrieve sortCode and external account Id -->
    <call-template description="get sortCode and extAccNumber" target="retrieveExtAccIdAndSortCode"/>
    <call-template description="RetrieveInformation from NIS using Acc.ID" target="retrieveInforByAccountId">
        <with-param name="sortCode" value="{$ctx:sortCode}"/>
        <with-param name="extAccountId" value="{$ctx:extAccountId}"/>
    </call-template>
    <property expression="$body" name="RESPONSE_BODY" scope="default" type="OM"/>
    <property name="CONCATENATED_RESPONSE" scope="default" type="STRING" value=""/>
    <foreach expression="$body/ns1:Entries/ns1:Entry" xmlns:ns1="http://ws.wso2.org/dataservice">
        <sequence>
            <filter xpath="fn:boolean($ctx:IN_JWT_XML/accountRequestIds/permissions[text()='ReadScheduledPaymentsDetail'])">
                <then>
                    <payloadFactory media-type="xml">
                        <format>
                            <ScheduledPayment xmlns="">
                                <AccountId>$1</AccountId>
                                <ScheduledPaymentId>$2</ScheduledPaymentId>
                                <ScheduledPaymentDateTime>$3</ScheduledPaymentDateTime>
                                <ScheduledType>$4</ScheduledType>
                                <InstructedAmount>
                                    <Amount>$5</Amount>
                                    <Currency>$6</Currency>
                                </InstructedAmount>
                                <CreditorAgent>
                                    <SchemeName>$7</SchemeName>
                                    <Identification>$8</Identification>
                                </CreditorAgent>
                                <CreditorAccount>
                                    <SchemeName>$9</SchemeName>
                                    <Identification>$10</Identification>
                                    <Name>$11</Name>
                                </CreditorAccount>
                            </ScheduledPayment>
                        </format>
                        <args>
                            <arg evaluator="xml" expression="$ctx:accountId"/>
                            <arg evaluator="xml" expression="$body/ns1:Entry/ns1:SCHEDULE_PYMNT_ID/text()"/>
                            <arg evaluator="xml" expression="$body/ns1:Entry/ns1:SCHEDULE_PYMNT_DT/text()"/>
                            <arg evaluator="xml" expression="$body/ns1:Entry/ns1:SCHEDULE_TYP/text()"/>
                            <arg evaluator="xml" expression="$body/ns1:Entry/ns1:INSTRUCTED_AMOUNT/text()"/>
                            <arg evaluator="xml" expression="$body/ns1:Entry/ns1:INSTRUCTED_AMOUNT_CURRENCY/text()"/>
                            <arg evaluator="xml" expression="$body/ns1:Entry/ns1:CRDTR_AGENT_SCHEME_NAME/text()"/>
                            <arg evaluator="xml" expression="$body/ns1:Entry/ns1:CRDTR_AGENT_ID/text()"/>
                            <arg evaluator="xml" expression="$body/ns1:Entry/ns1:CRDTR_ACC_SCHEME_NAME/text()"/>
                            <arg evaluator="xml" expression="$body/ns1:Entry/ns1:CRDTR_ACC_ID/text()"/>
                            <arg evaluator="xml" expression="$body/ns1:Entry/ns1:CRDTR_ACC_NAME/text()"/>
                        </args>
                    </payloadFactory>
                </then>
                <else>
                    <filter xpath="fn:boolean($ctx:IN_JWT_XML/accountRequestIds/permissions[text()='ReadScheduledPaymentsBasic'])">
                        <then>
                            <payloadFactory media-type="xml">
                                <format>
                                    <ScheduledPayment xmlns="">
                                        <AccountId>$1</AccountId>
                                        <ScheduledPaymentId>$2</ScheduledPaymentId>
                                        <ScheduledPaymentDateTime>$3</ScheduledPaymentDateTime>
                                        <ScheduledType>$4</ScheduledType>
                                        <InstructedAmount>
                                            <Amount>$5</Amount>
                                            <Currency>$6</Currency>
                                        </InstructedAmount>
                                    </ScheduledPayment>
                                </format>
                                <args>
                                    <arg evaluator="xml" expression="$ctx:accountId"/>
                                    <arg evaluator="xml" expression="$body/ns1:Entry/ns1:SCHEDULE_PYMNT_ID/text()"/>
                                    <arg evaluator="xml" expression="$body/ns1:Entry/ns1:SCHEDULE_PYMNT_DT/text()"/>
                                    <arg evaluator="xml" expression="$body/ns1:Entry/ns1:SCHEDULE_TYP/text()"/>
                                    <arg evaluator="xml" expression="$body/ns1:Entry/ns1:INSTRUCTED_AMOUNT/text()"/>
                                    <arg evaluator="xml" expression="$body/ns1:Entry/ns1:INSTRUCTED_AMOUNT_CURRENCY/text()"/>
                                </args>
                            </payloadFactory>
                        </then>
                        <else/>
                    </filter>
                </else>
            </filter>
            <property expression="$body/ScheduledPayment" name="SO_BODY" scope="default" type="STRING"/>
            <property expression="fn:concat(get-property('CONCATENATED_RESPONSE'),get-property('SO_BODY'))" name="CONCATENATED_RESPONSE" scope="default" type="STRING"/>
        </sequence>
    </foreach>
    <payloadFactory media-type="xml">
        <format>
            <Response>
                <Data><?xml-multiple ScheduledPayment?>$1</Data>
                <Links>
                    <Self>/accounts/$2/scheduled-payments</Self>
                </Links>
                <Meta>
                    <TotalPages>1</TotalPages>
                </Meta>
            </Response>
        </format>
        <args>
            <arg evaluator="xml" expression="$ctx:CONCATENATED_RESPONSE"/>
            <arg evaluator="xml" expression="$ctx:accountId"/>
        </args>
    </payloadFactory>
    <property name="messageType" scope="axis2" type="STRING" value="application/json"/>
    <payloadFactory media-type="json">
        <format>
			$1
			</format>
        <args>
            <arg evaluator="json" expression="$.Response"/>
        </args>
    </payloadFactory>
    <header expression="$ctx:x-fapi-interaction-id" name="x-fapi-interaction-id" scope="transport"/>
    <respond/>
</sequence>
