<?xml version="1.0" encoding="UTF-8"?>
<sequence name="statementsByAccIdAndStmntId_sq" onError="commonServiceFaultSequence" trace="disable" xmlns="http://ws.apache.org/ns/synapse">
    <sequence description="Performing initial tasks" key="accountRequestInit_sq"/>
    <filter xpath="fn:boolean($ctx:IN_JWT_XML/accountRequestIds/permissions[text()='ReadStatementsDetail']) or fn:boolean($ctx:IN_JWT_XML/accountRequestIds/permissions[text()='ReadStatementsBasic'])">
        <then/>
        <else>
            <payloadFactory media-type="json">
                <format>
					{
					"error": "Insufficient permissions to perform this operation",
					"code": "403"
					}
				</format>
                <args/>
            </payloadFactory>
            <property name="messageType" scope="axis2" type="STRING" value="application/json"/>
            <property name="HTTP_SC" scope="axis2" type="STRING" value="403"/>
            <respond/>
        </else>
    </filter>
    <!--  property expression="get-property('uri.var.AccountId')" name="accountId" scope="default" type="STRING"/-->
    <property expression="$ctx:IN_JWT_XML/accountRequestIds/accountId" name="accountId" scope="default" type="STRING"/>
    <property expression="get-property('uri.var.StatementId')" name="statementId" scope="default" type="STRING"/>
    <!-- call template to retrieve sortCode and external account Id -->
    <!-- call-template description="get sortCode and extAccNumber" target="retrieveExtAccIdAndSortCode"/ -->
    <!-- header expression="fn:concat('/',$ctx:accountId,'/statements')" name="To" scope="default"/-->
    <call-template description="RetrieveInformation from NIS using Acc.ID" target="retrieveStatementInfor">
        <with-param name="accountId" value="{$ctx:accountId}"/>
        <with-param name="statementId" value="{$ctx:statementId}"/>
    </call-template>
    <filter regex="true" source="boolean($body/ns1:Entries)" xmlns:ns1="http://ws.wso2.org/dataservice">
        <then>
            <filter xpath="fn:boolean($ctx:IN_JWT_XML/accountRequestIds/permissions[text()='ReadStatementsDetail'])">
                <then>
                    <payloadFactory media-type="json">
                        <format>
			{
  "Data": {
    "Statement": [
      {
        "AccountId": "$1",
        "StatementId": "$2",
        "StatementReference": "$11",
        "Type": "$14",
        "StartDateTime": "",
        "EndDateTime": "$3",
        "CreationDateTime": [
          ""
        ],
        "StatementDescription": [
          "$11"
        ],
        "StatementAmount": [
          {
            "Amount": {
              "Amount": "",
              "Currency": ""
            },
            "CreditDebitIndicator": "",
            "Type": ""
          }
        ]
      }
    ]
  },
  "Links": {
    "Self": "/accounts/$1/statements/$2"
  },
  "Meta": {
    "TotalPages": 1
  }
}
			</format>
                        <args>
                            <arg evaluator="xml" expression="$ctx:accountId"/>
                            <arg evaluator="xml" expression="$ctx:statementId"/>
                            <arg evaluator="xml" expression="$body/ns1:Entries/ns1:Entry/ns1:ID/text()"/>
                            <arg evaluator="xml" expression="$body/ns1:Entries/ns1:Entry/ns1:APPLICATION_ID/text()"/>
                            <arg evaluator="xml" expression="$body/ns1:Entries/ns1:Entry/ns1:DELETED_BY/text()"/>
                            <arg evaluator="xml" expression="$body/ns1:Entries/ns1:Entry/ns1:DELETED_ON/text()"/>
                            <arg evaluator="xml" expression="$body/ns1:Entries/ns1:Entry/ns1:CREATED_ON/text()"/>
                            <arg evaluator="xml" expression="$body/ns1:Entries/ns1:Entry/ns1:CREATED_BY/text()"/>
                            <arg evaluator="xml" expression="$body/ns1:Entries/ns1:Entry/ns1:MODIFIED_BY/text()"/>
                            <arg evaluator="xml" expression="$body/ns1:Entries/ns1:Entry/ns1:MODIFIED_ON/text()"/>
                            <arg evaluator="xml" expression="$body/ns1:Entries/ns1:Entry/ns1:DOCUMENT_ID/text()"/>
                            <arg evaluator="xml" expression="$body/ns1:Entries/ns1:Entry/ns1:DOCUMENT_PATH/text()"/>
                            <arg evaluator="xml" expression="$body/ns1:Entries/ns1:Entry/ns1:DOCUMENT_DATE/text()"/>
                            <arg evaluator="xml" expression="$body/ns1:Entries/ns1:Entry/ns1:DOCUMENT_TYPE_ID/text()"/>
                        </args>
                    </payloadFactory>
                </then>
                <else>
                    <filter xpath="fn:boolean($ctx:IN_JWT_XML/accountRequestIds/permissions[text()='ReadStatementsBasic'])">
                        <then>
                            <payloadFactory media-type="json">
                                <format>
			{
	  "Data": {
	    "Statement": [
	      {
	        "AccountId": "$1",
	        "StatementId": "$2",
	        "StatementReference": "$11",
	        "Type": "$14",
	        "StartDateTime": "",
	        "EndDateTime": "$3",
	        "CreationDateTime": [
	          ""
	        ],
	        "StatementDescription": [
	          "$11"
	        ]
	      }
	    ]
	  },
	  "Links": {
	    "Self": "/accounts/$1/statements/$2"
	  },
	  "Meta": {
	    "TotalPages": 1
	  }
	}
			</format>
                                <args>
                                    <arg evaluator="xml" expression="$ctx:accountId"/>
                                    <arg evaluator="xml" expression="$ctx:statementId"/>
                                    <arg evaluator="xml" expression="$body/ns1:Entries/ns1:Entry/ns1:ID/text()"/>
                                    <arg evaluator="xml" expression="$body/ns1:Entries/ns1:Entry/ns1:APPLICATION_ID/text()"/>
                                    <arg evaluator="xml" expression="$body/ns1:Entries/ns1:Entry/ns1:DELETED_BY/text()"/>
                                    <arg evaluator="xml" expression="$body/ns1:Entries/ns1:Entry/ns1:DELETED_ON/text()"/>
                                    <arg evaluator="xml" expression="$body/ns1:Entries/ns1:Entry/ns1:CREATED_ON/text()"/>
                                    <arg evaluator="xml" expression="$body/ns1:Entries/ns1:Entry/ns1:CREATED_BY/text()"/>
                                    <arg evaluator="xml" expression="$body/ns1:Entries/ns1:Entry/ns1:MODIFIED_BY/text()"/>
                                    <arg evaluator="xml" expression="$body/ns1:Entries/ns1:Entry/ns1:MODIFIED_ON/text()"/>
                                    <arg evaluator="xml" expression="$body/ns1:Entries/ns1:Entry/ns1:DOCUMENT_ID/text()"/>
                                    <arg evaluator="xml" expression="$body/ns1:Entries/ns1:Entry/ns1:DOCUMENT_PATH/text()"/>
                                    <arg evaluator="xml" expression="$body/ns1:Entries/ns1:Entry/ns1:DOCUMENT_DATE/text()"/>
                                    <arg evaluator="xml" expression="$body/ns1:Entries/ns1:Entry/ns1:DOCUMENT_TYPE_ID/text()"/>
                                </args>
                            </payloadFactory>
                        </then>
                        <else/>
                    </filter>
                </else>
            </filter>
        </then>
        <else/>
    </filter>
    <respond/>
</sequence>
