<?xml version="1.0" encoding="UTF-8"?>
<template name="retrieveInfoByLoginName" xmlns="http://ws.apache.org/ns/synapse">
    <parameter name="loginName"/>
    <sequence>
        <switch source="get-property('To')">
            <case regex=".*/beneficiaries">
                <payloadFactory media-type="xml">
                    <format>
                        <soapenv:Envelope xmlns:dat="http://ws.wso2.org/dataservice" xmlns:soapenv="http://schemas.xmlsoap.org/soap/envelope/">
                            <soapenv:Header/>
                            <soapenv:Body>
                                <dat:getBeneficiaryById>
                                    <dat:LoginName>$1</dat:LoginName>
                                </dat:getBeneficiaryById>
                            </soapenv:Body>
                        </soapenv:Envelope>
                    </format>
                    <args>
                        <arg evaluator="xml" expression="$func:loginName"/>
                    </args>
                </payloadFactory>
            </case>
            <default/>
        </switch>
        <call-template description="setting http properties and calling OLB RO Endpoint" target="callOLBEndpoint"/>
        <filter regex="false" source="boolean($body/ns1:Entries)" xmlns:ns1="http://ws.wso2.org/dataservice">
            <then>
                <payloadFactory media-type="json">
                    <format>
{
	"Error" : "Error occurred at the backend",
	"code" : "500"
}
					</format>
                    <args/>
                </payloadFactory>
                <property name="HTTP_SC" scope="axis2" type="STRING" value="500"/>
                <respond/>
            </then>
            <else>
                <filter xpath="$body/ns1:Entries/ns1:Entry/ns1:BLOCKED/text()='Y' or $body/ns1:Entries/ns1:Entry/ns1:DECEASED_LIQUIDATED/text()='Y' or $body/ns1:Entries/ns1:Entry/ns1:CLOSED/text()='Y' or $body/ns1:Entries/ns1:Entry/ns1:DORMANT/text()='Y' or $body/ns1:Entries/ns1:Entry/ns1:LEGAL_DEBT/text()='Y'">
                    <then>
                        <property name="HTTP_SC" scope="axis2" type="STRING" value="400"/>
                        <payloadFactory media-type="json">
                            <format>
{
	"Error": "$1 is an invalid account. This account is either Blocked/Closed/Dorment/Legal debt/Deceased or
		Liquidated.",
	"Code":"400"
}
							</format>
                            <args>
                                <arg evaluator="xml" expression="$func:loginName"/>
                            </args>
                        </payloadFactory>
                        <respond/>
                    </then>
                    <else/>
                </filter>
            </else>
        </filter>
    </sequence>
</template>
