<?xml version="1.0" encoding="UTF-8"?>
<api context="/accountserviceuk311" name="accounts-backend-apis" xmlns="http://ws.apache.org/ns/synapse">
    <resource methods="GET" uri-template="/accounts">
        <inSequence>
            <sequence key="accounts_sq"/>
        </inSequence>
        <outSequence>
            <send/>
        </outSequence>
        <faultSequence/>
    </resource>
    <resource methods="GET" uri-template="/accounts/{AccountId}/balances">
        <inSequence>
            <sequence key="accountBalanceById_sq"/>
        </inSequence>
        <outSequence>
            <send/>
        </outSequence>
        <faultSequence/>
    </resource>
    <resource methods="GET" uri-template="/accounts/{AccountId}">
        <inSequence>
            <sequence key="accountById_sq"/>
        </inSequence>
        <outSequence>
            <send/>
        </outSequence>
        <faultSequence/>
    </resource>
    <resource methods="GET" uri-template="/balances">
        <inSequence>
            <sequence key="balances_sq"/>
        </inSequence>
        <outSequence>
            <send/>
        </outSequence>
        <faultSequence/>
    </resource>
    <resource methods="GET" uri-template="/accounts/{AccountId}/beneficiaries">
        <inSequence>
            <sequence key="beneficiariesFromAccountId_sq"/>
        </inSequence>
        <outSequence>
            <send/>
        </outSequence>
        <faultSequence/>
    </resource>
    <resource methods="GET" url-mapping="/beneficiaries">
        <inSequence>
            <sequence key="beneficiaries_sq"/>
        </inSequence>
        <outSequence>
            <send/>
        </outSequence>
        <faultSequence/>
    </resource>
    <resource methods="GET" uri-template="/accounts/{AccountId}/scheduled-payments">
        <inSequence>
            <sequence key="scheduledPaymentByAccId_sq"/>
        </inSequence>
        <outSequence>
            <send/>
        </outSequence>
        <faultSequence/>
    </resource>
    <resource methods="GET" uri-template="/scheduled-payments">
        <inSequence>
            <sequence key="scheduledPayments_sq"/>
        </inSequence>
        <outSequence>
            <send/>
        </outSequence>
        <faultSequence/>
    </resource>
    <resource methods="GET" uri-template="/accounts/{AccountId}/standing-orders">
        <inSequence>
            <sequence key="standingOrdersByAccId_sq"/>
        </inSequence>
        <outSequence>
            <send/>
        </outSequence>
        <faultSequence/>
    </resource>
    <resource methods="GET" uri-template="/standing-orders">
        <inSequence>
            <sequence key="standingOrders_sq"/>
        </inSequence>
        <outSequence>
            <send/>
        </outSequence>
        <faultSequence/>
    </resource>
    <resource methods="GET" uri-template="/accounts/{AccountId}/statements">
        <inSequence>
            <sequence key="statementsByAccId_sq"/>
        </inSequence>
        <outSequence>
            <send/>
        </outSequence>
        <faultSequence/>
    </resource>
    <resource methods="GET" uri-template="/accounts/{AccountId}/statements/{StatementId}">
        <inSequence>
            <sequence key="statementsByAccIdAndStmntId_sq"/>
        </inSequence>
        <outSequence>
            <send/>
        </outSequence>
        <faultSequence/>
    </resource>
    <resource methods="GET" uri-template="/accounts/{AccountId}/statements/{StatementId}/transactions">
        <inSequence>
            <sequence key="transactionsByAccIdAndStmntId_sq"/>
        </inSequence>
        <outSequence>
            <send/>
        </outSequence>
        <faultSequence/>
    </resource>
    <resource methods="GET" uri-template="/statements">
        <inSequence>
            <sequence key="statements_sq"/>
        </inSequence>
        <outSequence>
            <send/>
        </outSequence>
        <faultSequence/>
    </resource>
    <resource methods="GET" uri-template="/accounts/{AccountId}/statements/{StatementId}/file">
        <inSequence>
            <sequence key="statementFile_sq"/>
        </inSequence>
        <outSequence>
            <send/>
        </outSequence>
        <faultSequence/>
    </resource>
    <resource methods="GET" uri-template="/accounts/{AccountId}/transactions">
        <inSequence>
            <sequence key="transactionsByAccId_sq"/>
        </inSequence>
        <outSequence>
            <send/>
        </outSequence>
        <faultSequence/>
    </resource>
    <resource methods="GET" uri-template="/transactions">
        <inSequence>
            <sequence key="transactions_sq"/>
        </inSequence>
        <outSequence>
            <send/>
        </outSequence>
        <faultSequence/>
    </resource>
    <resource methods="GET" uri-template="/accounts/{AccountId}/direct-debits">
        <inSequence>
            <sequence key="directDebitsByAccountId_sq"/>
        </inSequence>
        <outSequence>
            <send/>
        </outSequence>
        <faultSequence/>
    </resource>
    <resource methods="GET" uri-template="/direct-debits">
        <inSequence>
            <sequence key="directDebits_sq"/>
        </inSequence>
        <outSequence>
            <send/>
        </outSequence>
        <faultSequence>
            <sequence key="commonServiceFaultSequence"/>
        </faultSequence>
    </resource>
    <resource methods="GET" uri-template="/dummy">
        <inSequence>
            <sequence key="testSq"/>
        </inSequence>
        <outSequence>
            <send/>
        </outSequence>
        <faultSequence>
            <sequence key="commonServiceFaultSequence"/>
        </faultSequence>
    </resource>
    <resource methods="GET" protocol="https" uri-template="/account-numbers/accounts/{OLBUserID}">
        <inSequence>
            <sequence description="calling main sequence" key="accountOLBUserId311"/>
        </inSequence>
        <outSequence/>
        <faultSequence>
            <payloadFactory media-type="json">
                <format>
					{
					"error": "Error occurred while processing the request",
					"code": "500"
					}
				</format>
                <args/>
            </payloadFactory>
            <property name="messageType" scope="axis2" type="STRING" value="application/json"/>
            <property name="HTTP_SC" scope="axis2" type="STRING" value="500"/>
            <respond/>
        </faultSequence>
    </resource>
    <resource methods="GET" protocol="https" uri-template="/account-numbers/payments/{OLBUserID}/consent/{ConsentID}">
        <inSequence>
            <!-- isPayment and fromInitiation properties are used in consentmgt_getAccountByConsentId for filtering -->
            <property name="isPayment" scope="default" type="STRING" value="true"/>
            <property name="fromInitiation" scope="default" type="STRING" value="true"/>
            <sequence description="" key="accountOLBUserId311"/>
        </inSequence>
        <outSequence/>
        <faultSequence>
            <payloadFactory media-type="json">
                <format>
					{
					"error": "Error occurred while processing the request",
					"code": "500"
					}
				</format>
                <args/>
            </payloadFactory>
            <property name="messageType" scope="axis2" type="STRING" value="application/json"/>
            <property name="HTTP_SC" scope="axis2" type="STRING" value="500"/>
            <respond/>
        </faultSequence>
    </resource>
</api>
