<?xml version="1.0" encoding="UTF-8"?>
<sequence name="accounts_sq" onError="commonServiceFaultSequence" trace="disable" xmlns="http://ws.apache.org/ns/synapse">
    <sequence description="Performing JWT extraction" key="accountRequestInit_sq"/>
    <filter xpath="fn:boolean($ctx:IN_JWT_XML/accountRequestIds/permissions[text()='ReadAccountsDetail']) or fn:boolean($ctx:IN_JWT_XML/accountRequestIds/permissions[text()='ReadAccountsBasic'])">
        <then/>
        <else>
            <payloadFactory media-type="json">
                <format>
					{
					"error": "Insufficient permissions to perform this operation",
					"code": "403"
					}
				</format>
                <args/>
            </payloadFactory>
            <property name="messageType" scope="axis2" type="STRING" value="application/json"/>
            <property name="HTTP_SC" scope="axis2" type="STRING" value="403"/>
            <respond/>
        </else>
    </filter>
    <iterate expression="$ctx:IN_JWT_XML/accountRequestIds/accountId" sequential="true">
        <target>
            <sequence>
                <property expression="$body/accountId/text()" name="accountId" scope="default" type="STRING"/>
                <property expression="fn:concat($ctx:uuidx,get-property('SYSTEM_TIME'))" name="uuid" scope="default" type="STRING"/>
                <!-- call template to retrieve sortCode and external account Id -->
                <call-template description="get sortCode and extAccNumber" target="retrieveExtAccIdAndSortCode"/>
                <call-template description="RetrieveInformation from NIS using Acc.ID" target="retrieveInforByAccountId">
                    <with-param name="sortCode" value="{$ctx:sortCode}"/>
                    <with-param name="extAccountId" value="{$ctx:extAccountId}"/>
                </call-template>
                <property expression="$body" name="RESPONSE_BODY" scope="default" type="OM"/>
                <property name="CONCATENATED_RESPONSE" scope="default" type="STRING" value=""/>
                <foreach expression="$body/ns1:Entries/ns1:Entry" xmlns:ns1="http://ws.wso2.org/dataservice">
                    <sequence>
                        <filter xpath="fn:boolean($ctx:IN_JWT_XML/accountRequestIds/permissions[text()='ReadAccountsDetail'])">
                            <then>
                                <payloadFactory media-type="xml">
                                    <format>
                                        <Account xmlns="">
                                            <AccountId>$1</AccountId>
                                            <Currency>$2</Currency>
                                            <AccountType>$3</AccountType>
                                            <AccountSubType>$4</AccountSubType>
                                            <Nickname>$5</Nickname><?xml-multiple Account?>
                                            <Account>
                                                <SchemeName>$6</SchemeName>
                                                <Identification>$1</Identification>
                                                <Name>$7</Name>
                                                <SecondaryIdentification>$8</SecondaryIdentification>
                                            </Account>
                                        </Account>
                                    </format>
                                    <args>
                                        <arg evaluator="xml" expression="$ctx:accountId"/>
                                        <arg evaluator="xml" expression="$body/ns1:Entry/ns1:CURRENCY/text()"/>
                                        <arg evaluator="xml" expression="$body/ns1:Entry/ns1:ACC_TYPE/text()"/>
                                        <arg evaluator="xml" expression="$body/ns1:Entry/ns1:ACCOUNT_TYPE/text()"/>
                                        <arg evaluator="xml" expression="$body/ns1:Entry/ns1:NICKNAME/text()"/>
                                        <arg evaluator="xml" expression="$body/ns1:Entry/ns1:SCHEME_NAME/text()"/>
                                        <arg evaluator="xml" expression="$body/ns1:Entry/ns1:NAME/text()"/>
                                        <arg evaluator="xml" expression="$body/ns1:Entry/ns1:SECONDARY_ID/text()"/>
                                    </args>
                                </payloadFactory>
                            </then>
                            <else>
                                <filter xpath="fn:boolean($ctx:IN_JWT_XML/accountRequestIds/permissions[text()='ReadAccountsBasic'])">
                                    <then>
                                        <payloadFactory media-type="xml">
                                            <format>
                                                <Account xmlns="">
                                                    <AccountId>$1</AccountId>
                                                    <Curency>$2</Curency>
                                                    <AccountType>$3</AccountType>
                                                    <AccountSubType>$4</AccountSubType>
                                                    <Nickname>$5</Nickname>
                                                </Account>
                                            </format>
                                            <args>
                                                <arg evaluator="xml" expression="$ctx:accountId"/>
                                                <arg evaluator="xml" expression="$body/ns1:Entry/ns1:CURRENCY/text()"/>
                                                <arg evaluator="xml" expression="$body/ns1:Entry/ns1:ACC_TYPE/text()"/>
                                                <arg evaluator="xml" expression="$body/ns1:Entry/ns1:ACCOUNT_TYPE/text()"/>
                                                <arg evaluator="xml" expression="$body/ns1:Entry/ns1:NICKNAME/text()"/>
                                            </args>
                                        </payloadFactory>
                                    </then>
                                    <else>
                                        <payloadFactory media-type="xml">
                                            <format>
                                                <Account xmlns="">
                                                    <AccountId>$1</AccountId>
                                                </Account>
                                            </format>
                                            <args>
                                                <arg evaluator="xml" expression="$ctx:externalAccountNumber" xmlns:cbs="https://www.bankofcyprus.co.uk/CBSRoot/RetrieveAccountInformation"/>
                                            </args>
                                        </payloadFactory>
                                    </else>
                                </filter>
                            </else>
                        </filter>
                        <property expression="$body/Account" name="SO_BODY" scope="default" type="STRING"/>
                        <property expression="fn:concat(get-property('CONCATENATED_RESPONSE'),get-property('SO_BODY'))" name="CONCATENATED_RESPONSE" scope="default" type="STRING"/>
                    </sequence>
                </foreach>
                <payloadFactory media-type="xml">
                    <format>
                        <Account xmlns="">$1</Account>
                    </format>
                    <args>
                        <arg evaluator="xml" expression="$ctx:CONCATENATED_RESPONSE"/>
                    </args>
                </payloadFactory>
                <aggregate>
                    <completeCondition>
                        <messageCount max="-1" min="-1"/>
                    </completeCondition>
                    <onComplete expression="$body/Account">
                        <property name="CONCATENATED_BODY" scope="default" type="STRING" value=""/>
                        <foreach expression="$body/Account/Account">
                            <sequence>
                                <property expression="$body/Account" name="INTER_BODY" scope="default" type="STRING"/>
                                <property expression="fn:concat(get-property('CONCATENATED_BODY'),get-property('INTER_BODY'))" name="CONCATENATED_BODY" scope="default" type="STRING"/>
                            </sequence>
                        </foreach>
                        <payloadFactory media-type="xml">
                            <format>
                                <Response>
                                    <Data><?xml-multiple Account?>$1</Data>
                                    <Links>
                                        <Self>/accounts</Self>
                                    </Links>
                                    <Meta>
                                        <TotalPages>1</TotalPages>
                                    </Meta>
                                </Response>
                            </format>
                            <args>
                                <arg evaluator="xml" expression="$ctx:CONCATENATED_BODY"/>
                            </args>
                        </payloadFactory>
                        <property name="messageType" scope="axis2" type="STRING" value="application/json"/>
                        <payloadFactory media-type="json">
                            <format>
								$1
							</format>
                            <args>
                                <arg evaluator="json" expression="$.Response"/>
                            </args>
                        </payloadFactory>
                        <header expression="$ctx:x-fapi-interaction-id" name="x-fapi-interaction-id" scope="transport"/>
                        <respond/>
                    </onComplete>
                </aggregate>
            </sequence>
        </target>
    </iterate>
</sequence>
