<?xml version="1.0" encoding="UTF-8"?>
<template name="callOLBEndpoint" xmlns="http://ws.apache.org/ns/synapse">
    <sequence>
        <header name="Accept" scope="transport" value="application/xml"/>
        <property action="remove" name="REST_URL_POSTFIX" scope="axis2"/>
        <property name="messageType" scope="axis2" type="STRING" value="text/xml"/>
        <property name="HTTP_METHOD" scope="axis2" type="STRING" value="POST"/>
        <property name="DISABLE_CHUNKING" scope="axis2" type="STRING" value="true"/>
        <call>
            <endpoint key="gov:/obinteg/uk311/endpoints/OLBEndpoint.xml"/>
        </call>
    </sequence>
</template>
