<?xml version="1.0" encoding="UTF-8"?>
<sequence name="directDebits_sq" onError="commonServiceFaultSequence" trace="disable" xmlns="http://ws.apache.org/ns/synapse">
    <sequence key="accountRequestInit_sq"/>
    <!-- Check permission ReadDirectDebits in permission set of JWT token -->
    <filter xpath="fn:boolean($ctx:IN_JWT_XML/accountRequestIds/permissions[text()='ReadDirectDebits'])">
        <then>
            <iterate expression="$ctx:IN_JWT_XML/accountRequestIds/accountId">
                <target>
                    <sequence>
                        <property action="remove" name="Content-Type" scope="transport"/>
                        <property expression="$body/accountId/text()" name="accountId" scope="default" type="STRING"/>
                        <!-- call template to retrieve sortCode and external account Id -->
                        <call-template description="get sortCode and extAccNumber" target="retrieveExtAccIdAndSortCode"/>
                        <!-- call-template description="get direct-debits information from NIS" target="retrieveAccountDirectDebits"/-->
                        <call-template description="RetrieveInformation from NIS using Acc.ID" target="retrieveInforByAccountId">
                            <with-param name="sortCode" value="{$ctx:sortCode}"/>
                            <with-param name="extAccountId" value="{$ctx:extAccountId}"/>
                        </call-template>
                        <property name="CONCATENATED_RESPONSE" scope="default" type="STRING" value=""/>
                        <foreach expression="$body/ns1:Entries/ns1:Entry" xmlns:ns1="http://ws.wso2.org/dataservice">
                            <sequence>
                                <payloadFactory media-type="xml">
                                    <format>
                                        <DirectDebit xmlns="">
                                            <AccountId>$1</AccountId>
                                            <DirectDebitId>$2</DirectDebitId>
                                            <MandateIdentification>$3</MandateIdentification>
                                            <DirectDebitStatusCode>Active</DirectDebitStatusCode>
                                            <Name>$4</Name>
                                            <PreviousPaymentDateTime>$5</PreviousPaymentDateTime>
                                            <PreviousPaymentAmount>
                                                <Amount>$6</Amount>
                                                <Currency>$7</Currency>
                                            </PreviousPaymentAmount>
                                        </DirectDebit>
                                    </format>
                                    <args>
                                        <arg evaluator="xml" expression="$ctx:accountId"/>
                                        <arg evaluator="xml" expression="$body/ns1:Entry/ns1:DIRECT_DEBIT_ID/text()"/>
                                        <arg evaluator="xml" expression="$body/ns1:Entry/ns1:MANDATE_ID/text()"/>
                                        <arg evaluator="xml" expression="$body/ns1:Entry/ns1:SERVICE_USER_NAME/text()"/>
                                        <arg evaluator="xml" expression="fn:concat($body/ns1:Entry/ns1:PREV_PYMNT_DATE/text(),'T00:00:00+00:00')"/>
                                        <arg evaluator="xml" expression="$body/ns1:Entry/ns1:PREV_PYMNT_AMOUNT/text()"/>
                                        <arg evaluator="xml" expression="$body/ns1:Entry/ns1:DIRECT_DB_CURRENCY/text()"/>
                                    </args>
                                </payloadFactory>
                                <property expression="$body/DirectDebit" name="DD_BODY" scope="default" type="STRING"/>
                                <property expression="fn:concat(get-property('CONCATENATED_RESPONSE'),get-property('DD_BODY'))" name="CONCATENATED_RESPONSE" scope="default" type="STRING"/>
                            </sequence>
                        </foreach>
                        <payloadFactory media-type="xml">
                            <format>
                                <Account xmlns="">$1</Account>
                            </format>
                            <args>
                                <arg evaluator="xml" expression="$ctx:CONCATENATED_RESPONSE"/>
                            </args>
                        </payloadFactory>
                        <aggregate>
                            <completeCondition>
                                <messageCount max="-1" min="-1"/>
                            </completeCondition>
                            <onComplete expression="$body/Account">
                                <property name="CONCATENATED_RESPONSE" scope="default" type="STRING" value=""/>
                                <foreach expression="$body/Account/DirectDebit">
                                    <sequence>
                                        <property expression="$body/DirectDebit" name="INTER_BODY" scope="default" type="STRING"/>
                                        <property expression="fn:concat(get-property('CONCATENATED_RESPONSE'),get-property('INTER_BODY'))" name="CONCATENATED_RESPONSE" scope="default" type="STRING"/>
                                    </sequence>
                                </foreach>
                                <payloadFactory media-type="xml">
                                    <format>
                                        <Response>
                                            <Data><?xml-multiple DirectDebit?>$1</Data>
                                            <Links>
                                                <Self>/direct-debits/</Self>
                                            </Links>
                                            <Meta>
                                                <TotalPages>1</TotalPages>
                                            </Meta>
                                        </Response>
                                    </format>
                                    <args>
                                        <arg evaluator="xml" expression="$ctx:CONCATENATED_RESPONSE"/>
                                    </args>
                                </payloadFactory>
                                <property name="messageType" scope="axis2" type="STRING" value="application/json"/>
                                <payloadFactory media-type="json">
                                    <format>
								     $1
							      </format>
                                    <args>
                                        <arg evaluator="json" expression="$.Response"/>
                                    </args>
                                </payloadFactory>
                                <header expression="$ctx:x-fapi-interaction-id" name="x-fapi-interaction-id" scope="transport"/>
                                <respond/>
                            </onComplete>
                        </aggregate>
                    </sequence>
                </target>
            </iterate>
        </then>
        <else>
            <payloadFactory media-type="json">
                <format>
{
	"Error": "Insufficient permissions to perform this operation",
	"Code": "403"
}
        </format>
                <args/>
            </payloadFactory>
            <property name="messageType" scope="axis2" type="STRING" value="application/json"/>
            <property name="HTTP_SC" scope="axis2" type="STRING" value="403"/>
            <respond/>
        </else>
    </filter>
</sequence>
