<?xml version="1.0" encoding="UTF-8"?>
<template name="ResponseErrorTemplate" xmlns="http://ws.apache.org/ns/synapse">
    <parameter name="ValidationCode"/>
    <parameter name="ValidationMessage"/>
    <sequence>
        <payloadFactory media-type="json">
            <format>{"Error":"$2","Code":"$1"}</format>
            <args>
                <arg evaluator="xml" expression="$func:ValidationCode"/>
                <arg evaluator="xml" expression="$func:ValidationMessage"/>
            </args>
        </payloadFactory>
    </sequence>
</template>
