<?xml version="1.0" encoding="UTF-8"?>
<sequence name="beneficiariesFromAccountId_sq" onError="commonServiceFaultSequence" trace="disable" xmlns="http://ws.apache.org/ns/synapse">
    <sequence key="accountRequestInit_sq"/>
    <property expression="$trp:x-wso2-user-id" name="olbUserIdResponse" scope="default" type="STRING"/>
    <log>
        <property expression="$ctx:olbUserIdResponse" name="USER_ID"/>
    </log>
    <filter xpath="fn:boolean($ctx:IN_JWT_XML/accountRequestIds/permissions[text()='ReadBeneficiariesBasic']) or fn:boolean($ctx:IN_JWT_XML/accountRequestIds/permissions[text()='ReadBeneficiariesDetail'])">
        <then/>
        <else>
            <payloadFactory media-type="json">
                <format>
					{
					"error": "Insufficient permissions to perform this operation",
					"code": "403"
					}
				</format>
                <args/>
            </payloadFactory>
            <property name="messageType" scope="axis2" type="STRING" value="application/json"/>
            <property name="HTTP_SC" scope="axis2" type="STRING" value="403"/>
            <respond/>
        </else>
    </filter>
    <filter xpath="fn:boolean(fn:starts-with($ctx:olbUserIdResponse, 'BOCOLB-USERS/') and fn:ends-with($ctx:olbUserIdResponse, '@carbon.super'))">
        <then/>
        <else>
            <payloadFactory media-type="json">
                <format>
                    {
                    "error": "Unexpected user found",
                    "code": "417"
                    }
                </format>
                <args/>
            </payloadFactory>
            <property name="messageType" scope="axis2" type="STRING" value="application/json"/>
            <property name="HTTP_SC" scope="axis2" type="STRING" value="417"/>
            <respond/>
        </else>
    </filter>
    <property expression="fn:substring-before(fn:substring-after(get-property('olbUserIdResponse'),'BOCUK/'),'@carbon.super')" name="loginName" scope="default" type="STRING"/>
    <call-template description="getBeneficiaryData from OLB RO" target="retrieveInfoByLoginName">
        <with-param name="loginName" value="{$ctx:loginName}"/>
    </call-template>
    <property expression="$body" name="RESPONSE_BODY" scope="default" type="OM"/>
    <property name="CONCATENATED_RESPONSE" scope="default" type="STRING" value=""/>
    <foreach expression="$body/cbs:Entries/cbs:Entry" xmlns:cbs="http://ws.wso2.org/dataservice">
        <sequence>
            <filter xpath="fn:boolean($ctx:IN_JWT_XML/accountRequestIds/permissions[text()='ReadBeneficiariesDetail'])">
                <then>
                    <payloadFactory media-type="xml">
                        <format>
                            <Beneficiary xmlns="">
                                <AccountId>$1</AccountId>
                                <BeneficiaryId>$2</BeneficiaryId>
                                <Reference/>
                                <CreditorAgent>
                                    <SchemeName>BICFI</SchemeName>
                                    <Identification>BOCUK</Identification>
                                </CreditorAgent>
                                <CreditorAccount>
                                    <SchemeName>SortCodeAccountNumber</SchemeName>
                                    <Identification>$2</Identification>
                                    <Name>$3</Name>
                                    <SecondaryIdetification/>
                                </CreditorAccount>
                            </Beneficiary>
                        </format>
                        <args>
                            <arg evaluator="xml" expression="$ctx:accountId"/>
                            <arg evaluator="xml" expression="//cbs:Entry/cbs:BENEFICIARY_ID/text()"/>
                            <arg evaluator="xml" expression="//cbs:Entry/cbs:BENEFICIARY_FULL_NAME/text()"/>
                        </args>
                    </payloadFactory>
                </then>
                <else>
                    <filter xpath="fn:boolean($ctx:IN_JWT_XML/accountRequestIds/permissions[text()='ReadBeneficiariesBasic'])">
                        <then>
                            <payloadFactory media-type="xml">
                                <format>
                                    <Beneficiary xmlns="">
                                        <AccountId>$1</AccountId>
                                        <BeneficiaryId>$2</BeneficiaryId>
                                        <Reference/>
                                    </Beneficiary>
                                </format>
                                <args>
                                    <arg evaluator="xml" expression="$ctx:accountId"/>
                                    <arg evaluator="xml" expression="//cbs:Entry/cbs:BENEFICIARY_ID/text()"/>
                                </args>
                            </payloadFactory>
                        </then>
                        <else/>
                    </filter>
                </else>
            </filter>
            <property expression="$body/Beneficiary" name="PAYEE_BODY" scope="default" type="STRING"/>
            <property expression="fn:concat(get-property('CONCATENATED_RESPONSE'),get-property('PAYEE_BODY'))" name="CONCATENATED_RESPONSE" scope="default" type="STRING"/>
        </sequence>
    </foreach>
    <payloadFactory media-type="xml">
        <format>
            <Response>
                <Data>$1</Data>
                <Links>
                    <Self>/accounts/$2/beneficiaries</Self>
                </Links>
                <Meta>
                    <TotalPages>1</TotalPages>
                </Meta>
            </Response>
        </format>
        <args>
            <arg evaluator="xml" expression="$ctx:CONCATENATED_RESPONSE"/>
        </args>
    </payloadFactory>
    <property name="messageType" scope="axis2" type="STRING" value="application/json"/>
    <payloadFactory media-type="json">
        <format>
			$1
		</format>
        <args>
            <arg evaluator="json" expression="$.Response"/>
        </args>
    </payloadFactory>
    <header expression="$ctx:x-fapi-interaction-id" name="x-fapi-interaction-id" scope="transport"/>
    <respond/>
</sequence>
