<?xml version="1.0" encoding="UTF-8"?>
<sequence name="transactionsByAccId_sq" onError="commonServiceFaultSequence" trace="disable" xmlns="http://ws.apache.org/ns/synapse">
    <sequence description="Performing initial tasks" key="accountRequestInit_sq"/>
    <filter xpath="fn:boolean($ctx:IN_JWT_XML/accountRequestIds/permissions[text()='ReadTransactionsDetail']) or fn:boolean($ctx:IN_JWT_XML/accountRequestIds/permissions[text()='ReadTransactionsBasic'])">
        <then/>
        <else>
            <payloadFactory media-type="json">
                <format>
					{
						"Error": "Insufficient permissions to perform this operation",
						"Code": "403"
					}
				</format>
                <args/>
            </payloadFactory>
            <property name="messageType" scope="axis2" type="STRING" value="application/json"/>
            <property name="HTTP_SC" scope="axis2" type="STRING" value="403"/>
            <respond/>
        </else>
    </filter>
    <property expression="$ctx:IN_JWT_XML/accountRequestIds/accountId" name="accountId" scope="default" type="STRING"/>
    <!--   property name="toDateFormated" scope="default" type="STRING" value="get-property('$ctx:transactionFromDateTime', 'yyyy-MM-dd'T'HH:mm:ss.SSS')"/ -->
    <!-- call template to retrieve sortCode and external account Id -->
    <call-template description="get sortCode and extAccNumber" target="retrieveExtAccIdAndSortCode"/>
    <call-template description="RetrieveInformation from NIS using Acc.ID" target="retrieveInforByAccountId">
        <with-param name="sortCode" value="{$ctx:sortCode}"/>
        <with-param name="extAccountId" value="{$ctx:extAccountId}"/>
        <with-param name="transactionFromDateTime" value="{$ctx:transactionFromDateTime}"/>
        <with-param name="toDateFormated" value="{$ctx:toDateFormated}"/>
    </call-template>
    <property expression="$body" name="RESPONSE_BODY" scope="default" type="OM"/>
    <property name="CONCATENATED_RESPONSE" scope="default" type="STRING" value=""/>
    <foreach expression="$body/ns1:Entries/ns1:Entry" xmlns:ns1="http://ws.wso2.org/dataservice">
        <sequence>
            <filter xpath="fn:boolean($ctx:IN_JWT_XML/accountRequestIds/permissions[text()='ReadTransactionsDetail'])">
                <then>
                    <payloadFactory media-type="xml">
                        <format>
                            <Transaction xmlns="">
                                <AccountId>$1</AccountId>
                                <TransactionId>$2</TransactionId>
                                <TransactionReference>$3</TransactionReference>
                                <Amount>
                                    <Amount>$4</Amount>
                                    <Currency>$5</Currency>
                                </Amount>
                                <CreditDebitIndicator>$6</CreditDebitIndicator>
                                <Status>$7</Status>
                                <BookingDateTime>$8</BookingDateTime>
                                <ValueDateTime>$9</ValueDateTime>
                                <AddressLine>$3</AddressLine>
                                <TransactionInformation>$3</TransactionInformation>
                                <BankTransactionCode>
                                    <code>$10</code>
                                    <SubCode>$11</SubCode>
                                </BankTransactionCode>
                                <ProprietaryBankTransactionCode>
                                    <Code>$12</Code>
                                    <Issuer>BOCUK</Issuer>
                                </ProprietaryBankTransactionCode>
                                <Balance>
                                    <Amount>
                                        <Amount>$13</Amount>
                                        <Currency>$14</Currency>
                                    </Amount>
                                    <CreditDebitIndicator>$15</CreditDebitIndicator>
                                    <Type>$14</Type>
                                </Balance>
                            </Transaction>
                        </format>
                        <args>
                            <arg evaluator="xml" expression="$ctx:accountId"/>
                            <arg evaluator="xml" expression="$body/ns1:Entry/ns1:TRANSACTION_ID/text()"/>
                            <arg evaluator="xml" expression="$body/ns1:Entry/ns1:TRANS_REF/text()"/>
                            <arg evaluator="xml" expression="$body/ns1:Entry/ns1:AMOUNT/text()"/>
                            <arg evaluator="xml" expression="$body/ns1:Entry/ns1:CURRENCY/text()"/>
                            <arg evaluator="xml" expression="$body/ns1:Entry/ns1:CR_DB_INDICATOR/text()"/>
                            <arg evaluator="xml" expression="$body/ns1:Entry/ns1:STATUS/text()"/>
                            <arg evaluator="xml" expression="$body/ns1:Entry/ns1:BOOKING_DT/text()"/>
                            <arg evaluator="xml" expression="$body/ns1:Entry/ns1:VALUE_DATE/text()"/>
                            <arg evaluator="xml" expression="$body/ns1:Entry/ns1:BANK_TRANS_CODE/text()"/>
                            <arg evaluator="xml" expression="$body/ns1:Entry/ns1:BANK_TRANS_SUB_CODE/text()"/>
                            <arg evaluator="xml" expression="$body/ns1:Entry/ns1:PROPRIETARY_BANK_TRANS_CODE/text()"/>
                            <arg evaluator="xml" expression="$body/ns1:Entry/ns1:CASH_BAL_AMOUNT/text()"/>
                            <arg evaluator="xml" expression="$body/ns1:Entry/ns1:CASH_BAL_CURRENCY/text()"/>
                            <arg evaluator="xml" expression="$body/ns1:Entry/ns1:CR_DB_INDICATOR/text()"/>
                        </args>
                    </payloadFactory>
                </then>
                <else>
                    <filter xpath="fn:boolean($ctx:IN_JWT_XML/accountRequestIds/permissions[text()='ReadTransactionsBasic'])">
                        <then>
                            <payloadFactory media-type="xml">
                                <format>
                                    <Transaction xmlns="">
                                        <AccountId>$1</AccountId>
                                        <TransactionId>$2</TransactionId>
                                        <TransactionReference>$3</TransactionReference>
                                        <Amount>
                                            <Amount>$4</Amount>
                                            <Currency>$5</Currency>
                                        </Amount>
                                        <CreditDebitIndicator>$6</CreditDebitIndicator>
                                        <Status>$7</Status>
                                        <BookingDateTime>$8</BookingDateTime>
                                        <ValueDateTime>$9</ValueDateTime>
                                        <AddressLine/>
                                        <BankTransactionCode>
                                            <code>$10</code>
                                            <SubCode>$11</SubCode>
                                        </BankTransactionCode>
                                        <ProprietaryBankTransactionCode>
                                            <Code>$12</Code>
                                            <Issuer>BOCUK</Issuer>
                                        </ProprietaryBankTransactionCode>
                                    </Transaction>
                                </format>
                                <args>
                                    <arg evaluator="xml" expression="$ctx:accountId"/>
                                    <arg evaluator="xml" expression="$body/ns1:Entry/ns1:TRANSACTION_ID/text()"/>
                                    <arg evaluator="xml" expression="$body/ns1:Entry/ns1:TRANS_REF/text()"/>
                                    <arg evaluator="xml" expression="$body/ns1:Entry/ns1:AMOUNT/text()"/>
                                    <arg evaluator="xml" expression="$body/ns1:Entry/ns1:CURRENCY/text()"/>
                                    <arg evaluator="xml" expression="$body/ns1:Entry/ns1:CR_DB_INDICATOR/text()"/>
                                    <arg evaluator="xml" expression="$body/ns1:Entry/ns1:STATUS/text()"/>
                                    <arg evaluator="xml" expression="$body/ns1:Entry/ns1:BOOKING_DT/text()"/>
                                    <arg evaluator="xml" expression="$body/ns1:Entry/ns1:VALUE_DATE/text()"/>
                                    <arg evaluator="xml" expression="$body/ns1:Entry/ns1:BANK_TRANS_CODE/text()"/>
                                    <arg evaluator="xml" expression="$body/ns1:Entry/ns1:BANK_TRANS_SUB_CODE/text()"/>
                                    <arg evaluator="xml" expression="$body/ns1:Entry/ns1:PROPRIETARY_BANK_TRANS_CODE/text()"/>
                                </args>
                            </payloadFactory>
                        </then>
                        <else/>
                    </filter>
                </else>
            </filter>
            <property expression="$body/Transaction" name="SO_BODY" scope="default" type="STRING"/>
            <property expression="fn:concat(get-property('CONCATENATED_RESPONSE'),get-property('SO_BODY'))" name="CONCATENATED_RESPONSE" scope="default" type="STRING"/>
        </sequence>
    </foreach>
    <payloadFactory media-type="xml">
        <format>
            <Response>
                <Data><?xml-multiple Transaction?>$1</Data>
                <Links>
                    <Self>/accounts/$2/transactions</Self>
                </Links>
                <Meta>
                    <TotalPages>1</TotalPages>
                </Meta>
            </Response>
        </format>
        <args>
            <arg evaluator="xml" expression="$ctx:CONCATENATED_RESPONSE"/>
            <arg evaluator="xml" expression="$ctx:accountId"/>
        </args>
    </payloadFactory>
    <property name="messageType" scope="axis2" type="STRING" value="application/json"/>
    <payloadFactory media-type="json">
        <format>
			$1
		</format>
        <args>
            <arg evaluator="json" expression="$.Response"/>
        </args>
    </payloadFactory>
    <header expression="$ctx:x-fapi-interaction-id" name="x-fapi-interaction-id" scope="transport"/>
    <respond/>
</sequence>
