<?xml version="1.0" encoding="UTF-8"?>
<sequence name="scheduledPayments_sq" onError="commonServiceFaultSequence" trace="disable" xmlns="http://ws.apache.org/ns/synapse">
    <sequence key="accountRequestInit_sq"/>
    <filter xpath="fn:boolean($ctx:IN_JWT_XML/accountRequestIds/permissions[text()='ReadScheduledPaymentsDetail']) or fn:boolean($ctx:IN_JWT_XML/accountRequestIds/permissions[text()='ReadScheduledPaymentsBasic'])">
        <then/>
        <else>
            <payloadFactory media-type="json">
                <format>
					{
					"error": "Insufficient permissions to perform this operation",
					"code": "403"
					}
				</format>
                <args/>
            </payloadFactory>
            <property name="messageType" scope="axis2" type="STRING" value="application/json"/>
            <property name="HTTP_SC" scope="axis2" type="STRING" value="403"/>
            <respond/>
        </else>
    </filter>
    <iterate expression="$ctx:IN_JWT_XML/accountRequestIds/accountId">
        <target>
            <sequence>
                <property action="remove" name="Content-Type" scope="transport"/>
                <property expression="$body/accountId/text()" name="accountId" scope="default" type="STRING"/>
                <!-- call template to retrieve sortCode and external account Id -->
                <call-template description="get sortCode and extAccNumber" target="retrieveExtAccIdAndSortCode"/>
                <!-- call-template description="get direct-debits information from NIS" target="retrieveAccountDirectDebits"/-->
                <call-template description="RetrieveInformation from NIS using Acc.ID" target="retrieveInforByAccountId">
                    <with-param name="sortCode" value="{$ctx:sortCode}"/>
                    <with-param name="extAccountId" value="{$ctx:extAccountId}"/>
                </call-template>
                <property name="CONCATENATED_RESPONSE" scope="default" type="STRING" value=""/>
                <!-- Building ScheduledPayment array of response -->
                <foreach expression="$body/ns1:Entries/ns1:Entry" xmlns:ns1="http://ws.wso2.org/dataservice">
                    <sequence>
                        <filter xpath="fn:boolean($ctx:IN_JWT_XML/accountRequestIds/permissions[text()='ReadScheduledPaymentsDetail'])">
                            <then>
                                <payloadFactory media-type="xml">
                                    <format>
                                        <ScheduledPayment xmlns="">
                                            <AccountId>$1</AccountId>
                                            <ScheduledPaymentId>$2</ScheduledPaymentId>
                                            <ScheduledPaymentDateTime>$3</ScheduledPaymentDateTime>
                                            <ScheduledType>$4</ScheduledType>
                                            <InstructedAmount>
                                                <Amount>$5</Amount>
                                                <Currency>$6</Currency>
                                            </InstructedAmount>
                                            <CreditorAgent>
                                                <SchemeName>$7</SchemeName>
                                                <Identification>$8</Identification>
                                            </CreditorAgent>
                                            <CreditorAccount>
                                                <SchemeName>$9</SchemeName>
                                                <Identification>$10</Identification>
                                                <Name>$11</Name>
                                            </CreditorAccount>
                                        </ScheduledPayment>
                                    </format>
                                    <args>
                                        <arg evaluator="xml" expression="$ctx:accountId"/>
                                        <arg evaluator="xml" expression="$body/ns1:Entry/ns1:SCHEDULE_PYMNT_ID/text()"/>
                                        <arg evaluator="xml" expression="$body/ns1:Entry/ns1:SCHEDULE_PYMNT_DT/text()"/>
                                        <arg evaluator="xml" expression="$body/ns1:Entry/ns1:SCHEDULE_TYP/text()"/>
                                        <arg evaluator="xml" expression="$body/ns1:Entry/ns1:INSTRUCTED_AMOUNT/text()"/>
                                        <arg evaluator="xml" expression="$body/ns1:Entry/ns1:INSTRUCTED_AMOUNT_CURRENCY/text()"/>
                                        <arg evaluator="xml" expression="$body/ns1:Entry/ns1:CRDTR_AGENT_SCHEME_NAME/text()"/>
                                        <arg evaluator="xml" expression="$body/ns1:Entry/ns1:CRDTR_AGENT_ID/text()"/>
                                        <arg evaluator="xml" expression="$body/ns1:Entry/ns1:CRDTR_ACC_SCHEME_NAME/text()"/>
                                        <arg evaluator="xml" expression="$body/ns1:Entry/ns1:CRDTR_ACC_ID/text()"/>
                                        <arg evaluator="xml" expression="$body/ns1:Entry/ns1:CRDTR_ACC_NAME/text()"/>
                                    </args>
                                </payloadFactory>
                            </then>
                            <else>
                                <filter xpath="fn:boolean($ctx:IN_JWT_XML/accountRequestIds/permissions[text()='ReadScheduledPaymentsBasic'])">
                                    <then>
                                        <payloadFactory media-type="xml">
                                            <format>
                                                <ScheduledPayment xmlns="">
                                                    <AccountId>$1</AccountId>
                                                    <ScheduledPaymentId>$2</ScheduledPaymentId>
                                                    <ScheduledPaymentDateTime>$3</ScheduledPaymentDateTime>
                                                    <ScheduledType>$4</ScheduledType>
                                                    <InstructedAmount>
                                                        <Amount>$5</Amount>
                                                        <Currency>$6</Currency>
                                                    </InstructedAmount>
                                                </ScheduledPayment>
                                            </format>
                                            <args>
                                                <arg evaluator="xml" expression="$ctx:accountId"/>
                                                <arg evaluator="xml" expression="$body/ns1:Entry/ns1:SCHEDULE_PYMNT_ID/text()"/>
                                                <arg evaluator="xml" expression="$body/ns1:Entry/ns1:SCHEDULE_PYMNT_DT/text()"/>
                                                <arg evaluator="xml" expression="$body/ns1:Entry/ns1:SCHEDULE_TYP/text()"/>
                                                <arg evaluator="xml" expression="$body/ns1:Entry/ns1:INSTRUCTED_AMOUNT/text()"/>
                                                <arg evaluator="xml" expression="$body/ns1:Entry/ns1:INSTRUCTED_AMOUNT_CURRENCY/text()"/>
                                            </args>
                                        </payloadFactory>
                                    </then>
                                    <else/>
                                </filter>
                            </else>
                        </filter>
                        <property expression="$body/ScheduledPayment" name="SD_BODY" scope="default" type="STRING"/>
                        <property expression="fn:concat(get-property('CONCATENATED_RESPONSE'),get-property('SD_BODY'))" name="CONCATENATED_RESPONSE" scope="default" type="STRING"/>
                    </sequence>
                </foreach>
                <payloadFactory media-type="xml">
                    <format>
                        <Account xmlns="">$1</Account>
                    </format>
                    <args>
                        <arg evaluator="xml" expression="$ctx:CONCATENATED_RESPONSE"/>
                    </args>
                </payloadFactory>
                <aggregate>
                    <completeCondition>
                        <messageCount max="-1" min="-1"/>
                    </completeCondition>
                    <onComplete expression="$body/Account">
                        <property name="CONCATENATED_BODY" scope="default" type="STRING" value=""/>
                        <foreach expression="$body/Account/ScheduledPayment">
                            <sequence>
                                <property expression="$body/ScheduledPayment" name="INTER_BODY" scope="default" type="STRING"/>
                                <property expression="fn:concat(get-property('CONCATENATED_BODY'),get-property('INTER_BODY'))" name="CONCATENATED_BODY" scope="default" type="STRING"/>
                            </sequence>
                        </foreach>
                        <payloadFactory media-type="xml">
                            <format>
                                <Response>
                                    <Data><?xml-multiple ScheduledPayment?>$1</Data>
                                    <Links>
                                        <Self>/scheduled-payments</Self>
                                    </Links>
                                    <Meta>
                                        <TotalPages>1</TotalPages>
                                    </Meta>
                                </Response>
                            </format>
                            <args>
                                <arg evaluator="xml" expression="$ctx:CONCATENATED_BODY"/>
                            </args>
                        </payloadFactory>
                        <property name="messageType" scope="axis2" type="STRING" value="application/json"/>
                        <!-- Building complete response payload -->
                        <payloadFactory media-type="json">
                            <format>
								$1
							</format>
                            <args>
                                <arg evaluator="json" expression="$.Response"/>
                            </args>
                        </payloadFactory>
                        <header expression="$ctx:x-fapi-interaction-id" name="x-fapi-interaction-id" scope="transport"/>
                        <respond/>
                    </onComplete>
                </aggregate>
            </sequence>
        </target>
    </iterate>
</sequence>
