<?xml version="1.0" encoding="UTF-8"?>
<sequence name="accountOLBUserId311" trace="disable" xmlns="http://ws.apache.org/ns/synapse">
    <!-- This sequence facilitates GET /account-numbers /account-numbers/accounts/{OLBUserID} and /account-numbers/payments/{OLBUserID}/consent/{ConsentID} 
		This is to list all the account numbers of an online banking user. -->
    <property expression="get-property('uri.var.OLBUserID')" name="olbUserId" scope="default" type="STRING"/>
    <property expression="get-property('uri.var.ConsentID')" name="consentId" scope="default" type="STRING"/>
    <call-template description="setting request Id and secret" target="callRequesterSecretGeneratorMediator"/>
    <property expression="get-property('registry','gov:psd2/localentries/CBSUnit.xml')" name="cbsUnit" scope="default" type="OM"/>
    <property name="sourceOfRequest" scope="default" type="STRING" value="Online"/>
    <call-template description="template for RetrieveCustomerAccounts by OLB id CGI API" target="as400_retrieveCustomerAccounts"/>
    <property name="CONCATENATED_RESPONSE" scope="default" type="STRING" value=""/>
    <foreach expression="$body/cbs:CBSRoot/cbs:CustomerAccountsInfoResponseRoot/cbs:AccountInformationResponseRoot" xmlns:cbs="https://www.bankofcyprus.co.uk/CBSRoot/RetrieveCustomerAccounts">
        <sequence>
            <property expression="fn:concat('406377',$body/cbs:AccountInformationResponseRoot/cbs:ExternalAccountNumber/text())" name="ExternalAccountNumber" scope="default" type="STRING"/>
            <!-- Checking whether the account is valid. At least one condition is satisfied, then account is ignored -->
            <filter xpath="$body/cbs:AccountInformationResponseRoot/cbs:Blocked/text()='Y' or $body/cbs:AccountInformationResponseRoot/cbs:Closed/text()='Y' or $body/cbs:AccountInformationResponseRoot/cbs:Dormant/text()='Y' or $body/cbs:AccountInformationResponseRoot/cbs:LegalDebt/text()='Y' or $body/cbs:AccountInformationResponseRoot/cbs:DeceasedOrLiquidated/text()='Y'">
                <then>
                    <log category="DEBUG">
                        <property expression="$ctx:ExternalAccountNumber" name="Invalidated account"/>
                    </log>
                </then>
                <else>
                    <filter regex="true" source="$ctx:isPayment='true'">
                        <then>
                            <filter regex="true" source="$body/cbs:AccountInformationResponseRoot/cbs:CIFAccessType/text()='*FULLACCESS' and $body/cbs:AccountInformationResponseRoot/cbs:PaymentAccount/text()='Y' ">
                                <then>
                                    <payloadFactory media-type="xml">
                                        <format>
                                            <Account xmlns="">
                                                <ExternalAccountNumber>$1</ExternalAccountNumber>
                                                <AccountShortName>$2</AccountShortName>
                                                <Identification>$3</Identification>
                                            </Account>
                                        </format>
                                        <args>
                                            <arg evaluator="xml" expression="$ctx:ExternalAccountNumber"/>
                                            <arg evaluator="xml" expression="$body/cbs:AccountInformationResponseRoot/cbs:AccountShortName/text()"/>
                                            <arg evaluator="xml" expression="fn:concat($body/cbs:CBSRoot/cbs:AccountInformationResponseRoot/cbs:SortCode/text(),$body/cbs:CBSRoot/cbs:AccountInformationResponseRoot/cbs:ExternalAccountNumber/text())"/>
                                        </args>
                                    </payloadFactory>
                                </then>
                                <else>
                                    <log category="DEBUG">
                                        <property expression="$ctx:ExternalAccountNumber" name="Not an payment account"/>
                                    </log>
                                </else>
                            </filter>
                        </then>
                        <else>
                            <payloadFactory media-type="xml">
                                <format>
                                    <Account xmlns="">
                                        <ExternalAccountNumber>$1</ExternalAccountNumber>
                                        <AccountShortName>$2</AccountShortName>
                                        <Identification>$3</Identification>
                                    </Account>
                                </format>
                                <args>
                                    <arg evaluator="xml" expression="$ctx:ExternalAccountNumber"/>
                                    <arg evaluator="xml" expression="$body/cbs:AccountInformationResponseRoot/cbs:AccountShortName/text()"/>
                                    <arg evaluator="xml" expression="fn:concat($body/cbs:CBSRoot/cbs:AccountInformationResponseRoot/cbs:SortCode/text(),$body/cbs:CBSRoot/cbs:AccountInformationResponseRoot/cbs:ExternalAccountNumber/text())"/>
                                </args>
                            </payloadFactory>
                        </else>
                    </filter>
                </else>
            </filter>
            <property expression="$body/Account" name="ACCOUNT_BODY" scope="default" type="STRING"/>
            <property expression="fn:concat(get-property('CONCATENATED_RESPONSE'),get-property('ACCOUNT_BODY'))" name="CONCATENATED_RESPONSE" scope="default" type="STRING"/>
        </sequence>
    </foreach>
    <!-- This is for consistency. If there are no accounts then returning empty Account array -->
    <filter xpath="$ctx:CONCATENATED_RESPONSE=''">
        <then>
            <payloadFactory media-type="json">
                <format>
					{"Data":{"Account":[]}}
        </format>
                <args/>
            </payloadFactory>
            <respond/>
        </then>
        <else/>
    </filter>
    <!-- Adding payment charges and exchange rates. If this account listing is for payments. Then payment charges should be included in the response along 
		with account numbers -->
    <filter xpath="$ctx:isPayment='true'">
        <then>
            <call-template description="" target="consentmgt_getAccountByConsentId"/>
            <property expression="$body/x:Entries/x:Entry/x:REQUEST" name="consentObject" scope="default" type="STRING" xmlns:x="http://ws.wso2.org/dataservice"/>
            <payloadFactory media-type="json">
                <format>
					$1
        </format>
                <args>
                    <arg evaluator="xml" expression="$ctx:consentObject"/>
                </args>
            </payloadFactory>
            <property expression="json-eval($.data.initiation.instructedAmount.amount)" name="amount" scope="default" type="STRING"/>
            <property expression="json-eval($.data.initiation.instructedAmount.currency)" name="currency" scope="default" type="STRING"/>
            <property expression="json-eval($.data.initiation.creditorAccount.identification)" name="creditorAccount" scope="default" type="STRING"/>
            <property expression="json-eval($.data.initiation.creditorAccount.schemeName)" name="schemeName" scope="default" type="STRING"/>
            <filter xpath="$ctx:schemeName='UK.OBIE.SortCodeAccountNumber'">
                <then>
                    <property expression="fn:substring($ctx:creditorAccount,1,6)" name="toSortCode" scope="default" type="STRING"/>
                    <property expression="fn:substring($ctx:creditorAccount,7)" name="toAccountNumber" scope="default" type="STRING"/>
                </then>
                <else>
                    <property expression="$ctx:creditorAccount" name="IBAN" scope="default" type="STRING"/>
                </else>
            </filter>
            <property expression="json-eval($.data.initiation.creditorAccount.name)" name="creditorName" scope="default" type="STRING"/>
            <property expression="json-eval($.data.initiation.remittanceInformation.reference)" name="paymentReference" scope="default" type="STRING"/>
            <property expression="json-eval($.data.initiation.remittanceInformation.unstructured)" name="remittanceInformationUnstructured" scope="default" type="STRING"/>
            <property expression="fn:string-length($ctx:remittanceInformationUnstructured) div 4" name="segmentLength" scope="default" type="STRING"/>
            <property expression="fn:ceiling($ctx:segmentLength)" name="segmentLength" scope="default" type="STRING"/>
            <property expression="fn:substring($ctx:remittanceInformationUnstructured,1,$ctx:segmentLength)" name="paymentDetail1" scope="default" type="STRING"/>
            <property expression="fn:substring($ctx:remittanceInformationUnstructured,1+$ctx:segmentLength,$ctx:segmentLength)" name="paymentDetail2" scope="default" type="STRING"/>
            <property expression="fn:substring($ctx:remittanceInformationUnstructured,1+(2*$ctx:segmentLength),$ctx:segmentLength)" name="paymentDetail3" scope="default" type="STRING"/>
            <property expression="fn:substring($ctx:remittanceInformationUnstructured,1+(3*$ctx:segmentLength))" name="paymentDetail4" scope="default" type="STRING"/>
            <!-- Setting cifid -->
            <sequence description="setting cifid" key="setCIFID"/>
            <payloadFactory media-type="xml">
                <format>
                    <Accounts xmlns="">$1</Accounts>
                </format>
                <args>
                    <arg evaluator="xml" expression="$ctx:CONCATENATED_RESPONSE"/>
                </args>
            </payloadFactory>
            <iterate expression="$body/Accounts/Account">
                <target>
                    <sequence>
                        <property expression="$body/Account/ExternalAccountNumber" name="externalAccountNumber" scope="default" type="STRING"/>
                        <property expression="$body/Account/AccountShortName" name="accountShortName" scope="default" type="STRING"/>
                        <property expression="fn:substring-after(get-property('MessageID'), 'urn:uuid:')" name="uuidx" scope="default" type="STRING"/>
                        <property expression="fn:concat($ctx:uuidx,$ctx:externalAccountNumber)" name="uuid" scope="default" type="STRING"/>
                        <!-- Storing Requester ID and requester secret -->
                        <call-template description="setting request Id and secret" target="callRequesterSecretGeneratorMediator"/>
                        <call-template description="template for calling calculate payment charges cgi api" target="as400_calculatePaymentCharges"/>
                        <property name="messageType" scope="axis2" type="STRING" value="application/xml"/>
                        <payloadFactory media-type="xml">
                            <format>
                                <Account xmlns="">
                                    <ExternalAccountNumber>$1</ExternalAccountNumber>
                                    <AccountShortName>$2</AccountShortName>
                                    <TotalCharges>$3</TotalCharges>
                                    <ExchangeRate>$4</ExchangeRate>
                                    <TotalPaymentAmount>$5</TotalPaymentAmount>
                                </Account>
                            </format>
                            <args>
                                <arg evaluator="xml" expression="$ctx:externalAccountNumber"/>
                                <arg evaluator="xml" expression="$ctx:accountShortName"/>
                                <arg evaluator="xml" expression="$body/cbs:CBSRoot/cbs:CalculatePaymentChargesResponseRoot/cbs:TotalCharges/text()" xmlns:cbs="https://www.bankofcyprus.co.uk/CBSRoot/CalculatePaymentCharges"/>
                                <arg evaluator="xml" expression="$body/cbs:CBSRoot/cbs:CalculatePaymentChargesResponseRoot/cbs:ExchangeRate/text()" xmlns:cbs="https://www.bankofcyprus.co.uk/CBSRoot/CalculatePaymentCharges"/>
                                <arg evaluator="xml" expression="$body/cbs:CBSRoot/cbs:CalculatePaymentChargesResponseRoot/cbs:TotalPaymentAmount/text()" xmlns:cbs="https://www.bankofcyprus.co.uk/CBSRoot/CalculatePaymentCharges"/>
                            </args>
                        </payloadFactory>
                        <aggregate>
                            <completeCondition>
                                <messageCount max="-1" min="-1"/>
                            </completeCondition>
                            <onComplete expression="$body/Account">
                                <payloadFactory media-type="xml">
                                    <format>
                                        <Data>$1</Data>
                                    </format>
                                    <args>
                                        <arg evaluator="xml" expression="$body/Account"/>
                                    </args>
                                </payloadFactory>
                                <property name="messageType" scope="axis2" type="STRING" value="application/json"/>
                                <respond/>
                            </onComplete>
                        </aggregate>
                    </sequence>
                </target>
            </iterate>
        </then>
        <else>
            <payloadFactory media-type="xml">
                <format>
                    <Data>$1</Data>
                </format>
                <args>
                    <arg evaluator="xml" expression="$ctx:CONCATENATED_RESPONSE"/>
                </args>
            </payloadFactory>
            <property name="messageType" scope="axis2" type="STRING" value="application/json"/>
            <respond/>
        </else>
    </filter>
</sequence>
