<?xml version="1.0" encoding="UTF-8"?>
<template name="retrieveExtAccIdAndSortCode" xmlns="http://ws.apache.org/ns/synapse">
    <sequence>
        <filter xpath="fn:boolean(fn:string-length($ctx:accountId)='14')">
            <then>
                <property expression="fn:substring($ctx:accountId,1,6)" name="sortCode" scope="default" type="STRING"/>
                <property expression="fn:substring($ctx:accountId,7,14)" name="extAccountId" scope="default" type="STRING"/>
            </then>
            <else>
                <call-template target="ResponseErrorTemplate">
                    <with-param name="ValidationCode" value="400"/>
                    <with-param name="ValidationMessage" value="Bad Request - Account ID length."/>
                </call-template>
                <property name="HTTP_SC" scope="axis2" type="STRING" value="400"/>
                <respond/>
            </else>
        </filter>
    </sequence>
</template>
