<?xml version="1.0" encoding="UTF-8"?>
<sequence name="commonServiceFaultSequence" trace="disable" xmlns="http://ws.apache.org/ns/synapse">
    <property name="messageType" scope="axis2" type="STRING" value="application/json"/>
    <log level="full">
        <property name="MESSAGE" value="Executing commonServiceFaultSequence"/>
        <property expression="get-property('ERROR_CODE')" name="ERROR_CODE"/>
        <property expression="get-property('ERROR_MESSAGE')" name="ERROR_MESSAGE"/>
        <property expression="$axis2:HTTP_SC" name="HTTP CODE"/>
    </log>
    <property expression="$axis2:HTTP_SC" name="Status" scope="default" type="STRING"/>
    <switch source="get-property('$ctx:Status')">
        <case regex="403">
            <call-template target="ResponseErrorTemplate">
                <with-param name="ValidationCode" value="403"/>
                <with-param name="ValidationMessage" value="Forbidden"/>
            </call-template>
            <property expression="get-property('$ctx:Status')" name="HTTP_SC" scope="axis2" type="STRING"/>
            <respond/>
        </case>
        <case regex="401">
            <call-template target="ResponseErrorTemplate">
                <with-param name="ValidationCode" value="401"/>
                <with-param name="ValidationMessage" value="Unauthorized"/>
            </call-template>
            <property expression="get-property('$ctx:Status')" name="HTTP_SC" scope="axis2" type="STRING"/>
            <respond/>
        </case>
        <case regex="405">
            <call-template target="ResponseErrorTemplate">
                <with-param name="ValidationCode" value="405"/>
                <with-param name="ValidationMessage" value="Method Not Allowed"/>
            </call-template>
            <property expression="get-property('$ctx:Status')" name="HTTP_SC" scope="axis2" type="STRING"/>
            <respond/>
        </case>
        <case regex="406">
            <call-template target="ResponseErrorTemplate">
                <with-param name="ValidationCode" value="406"/>
                <with-param name="ValidationMessage" value="Not Acceptable"/>
            </call-template>
            <property expression="get-property('$ctx:Status')" name="HTTP_SC" scope="axis2" type="STRING"/>
            <respond/>
        </case>
        <case regex="429">
            <call-template target="ResponseErrorTemplate">
                <with-param name="ValidationCode" value="429"/>
                <with-param name="ValidationMessage" value="Too Many Requests"/>
            </call-template>
            <property expression="get-property('$ctx:Status')" name="HTTP_SC" scope="axis2" type="STRING"/>
            <respond/>
        </case>
        <case regex="500">
            <call-template target="ResponseErrorTemplate">
                <with-param name="ValidationCode" value="500"/>
                <with-param name="ValidationMessage" value="Internal Server Error - Backend"/>
            </call-template>
            <property expression="get-property('$ctx:Status')" name="HTTP_SC" scope="axis2" type="STRING"/>
            <respond/>
        </case>
        <default>
            <property expression="get-property('$ctx:Status')" name="HTTP_SC" scope="axis2" type="STRING"/>
            <call-template target="ResponseErrorTemplate">
                <with-param name="ValidationCode" value="500"/>
                <with-param name="ValidationMessage" value="Error occurred in mediation flow."/>
            </call-template>
            <property name="HTTP_SC" scope="axis2" type="STRING" value="500"/>
            <respond/>
        </default>
    </switch>
</sequence>
