<?xml version="1.0" encoding="UTF-8"?><artifacts>
    <artifact name="cynergy-psd2-integration-accounts-capp" version="1.0.0" type="carbon/application">
        <dependency artifact="fileconnector-connector" version="2.0.18" include="true" serverRole="EnterpriseServiceBus"/>
        <dependency artifact="NISEndpoint_xml" version="1.0.0" include="true" serverRole="EnterpriseIntegrator"/>
        <dependency artifact="directDebitsByAccountId_sq" version="1.0.0" include="true" serverRole="EnterpriseServiceBus"/>
        <dependency artifact="transactionsByAccId_sq" version="1.0.0" include="true" serverRole="EnterpriseServiceBus"/>
        <dependency artifact="standingOrdersByAccId_sq" version="1.0.0" include="true" serverRole="EnterpriseServiceBus"/>
        <dependency artifact="statementsByAccIdAndStmntId_sq" version="1.0.0" include="true" serverRole="EnterpriseServiceBus"/>
        <dependency artifact="accounts-backend-apis" version="1.0.0" include="true" serverRole="EnterpriseServiceBus"/>
        <dependency artifact="scheduledPayments_sq" version="1.0.0" include="true" serverRole="EnterpriseServiceBus"/>
        <dependency artifact="transactions_sq" version="1.0.0" include="true" serverRole="EnterpriseServiceBus"/>
        <dependency artifact="accountRequestInit_sq" version="1.0.0" include="true" serverRole="EnterpriseServiceBus"/>
        <dependency artifact="retrieveInfoByLoginName" version="1.0.0" include="true" serverRole="EnterpriseServiceBus"/>
        <dependency artifact="ftpSocketTimeOut_xml" version="1.0.0" include="true" serverRole="EnterpriseIntegrator"/>
        <dependency artifact="statementContentType_xml" version="1.0.0" include="true" serverRole="EnterpriseIntegrator"/>
        <dependency artifact="fundsConfirmationEP_xml" version="1.0.0" include="true" serverRole="EnterpriseIntegrator"/>
        <dependency artifact="accountById_sq" version="1.0.0" include="true" serverRole="EnterpriseServiceBus"/>
        <dependency artifact="standingOrders_sq" version="1.0.0" include="true" serverRole="EnterpriseServiceBus"/>
        <dependency artifact="retrieveExtAccIdAndSortCode" version="1.0.0" include="true" serverRole="EnterpriseServiceBus"/>
        <dependency artifact="directDebits_sq" version="1.0.0" include="true" serverRole="EnterpriseServiceBus"/>
        <dependency artifact="callNISEndpoint" version="1.0.0" include="true" serverRole="EnterpriseServiceBus"/>
        <dependency artifact="retrieveAndValidateAccountIds_sq" version="1.0.0" include="true" serverRole="EnterpriseServiceBus"/>
        <dependency artifact="scheduledPaymentByAccId_sq" version="1.0.0" include="true" serverRole="EnterpriseServiceBus"/>
        <dependency artifact="fundsConfirmation_sq" version="1.0.0" include="true" serverRole="EnterpriseServiceBus"/>
        <dependency artifact="accountBalanceById_sq" version="1.0.0" include="true" serverRole="EnterpriseServiceBus"/>
        <dependency artifact="balances_sq" version="1.0.0" include="true" serverRole="EnterpriseServiceBus"/>
        <dependency artifact="ResponseErrorTemplate" version="1.0.0" include="true" serverRole="EnterpriseServiceBus"/>
        <dependency artifact="retrieveStatementInfor" version="1.0.0" include="true" serverRole="EnterpriseServiceBus"/>
        <dependency artifact="ftpPassiveMode_xml" version="1.0.0" include="true" serverRole="EnterpriseIntegrator"/>
        <dependency artifact="olbftplocation_xml" version="1.0.0" include="true" serverRole="EnterpriseIntegrator"/>
        <dependency artifact="sortCode_xml" version="1.0.0" include="true" serverRole="EnterpriseIntegrator"/>
        <dependency artifact="commonServiceFaultSequence" version="1.0.0" include="true" serverRole="EnterpriseServiceBus"/>
        <dependency artifact="statements_sq" version="1.0.0" include="true" serverRole="EnterpriseServiceBus"/>
        <dependency artifact="callOLBEndpoint" version="1.0.0" include="true" serverRole="EnterpriseServiceBus"/>
        <dependency artifact="statementsByAccId_sq" version="1.0.0" include="true" serverRole="EnterpriseServiceBus"/>
        <dependency artifact="beneficiaries_sq" version="1.0.0" include="true" serverRole="EnterpriseServiceBus"/>
        <dependency artifact="OLBEndpoint_xml" version="1.0.0" include="true" serverRole="EnterpriseIntegrator"/>
        <dependency artifact="beneficiariesFromAccountId_sq" version="1.0.0" include="true" serverRole="EnterpriseServiceBus"/>
        <dependency artifact="retrieveInforByAccountId" version="1.0.0" include="true" serverRole="EnterpriseServiceBus"/>
        <dependency artifact="accounts_sq" version="1.0.0" include="true" serverRole="EnterpriseServiceBus"/>
        <dependency artifact="accountOLBUserId311" version="1.0.0" include="true" serverRole="EnterpriseServiceBus"/>
    </artifact>
</artifacts>
