<?xml version="1.0" encoding="UTF-8"?>
<template name="retrieveStatementInfor" xmlns="http://ws.apache.org/ns/synapse">
    <parameter name="accountId"/>
    <parameter name="statementId"/>
    <parameter name="transactionFromDateTime"/>
    <parameter name="toDateFormated"/>
    <parameter name="sortCode"/>
    <parameter name="extAccountId"/>
    <sequence>
        <switch source="get-property('To')">
            <case regex=".*/file">
                <payloadFactory media-type="xml">
                    <format>
                        <getStatementFTPlocation>
                            <accountId>$1</accountId>
                            <statementId>$2</statementId>
                        </getStatementFTPlocation>
                    </format>
                    <args>
                        <arg evaluator="xml" expression="$func:accountId"/>
                        <arg evaluator="xml" expression="$func:statementId"/>
                    </args>
                </payloadFactory>
            </case>
            <case regex=".*/statements">
                <payloadFactory media-type="xml">
                    <format>
                        <getStatementsByAccountId>
                            <accountId>$1</accountId>
                        </getStatementsByAccountId>
                    </format>
                    <args>
                        <arg evaluator="xml" expression="$func:accountId"/>
                    </args>
                </payloadFactory>
            </case>
            <case regex=".*\/accounts\/\d+\/statements\/\d+">
                <payloadFactory media-type="xml">
                    <format>
                        <getStatementsByAccountIdStmentId>
                            <accountId>$1</accountId>
                            <statementId>$2</statementId>
                        </getStatementsByAccountIdStmentId>
                    </format>
                    <args>
                        <arg evaluator="xml" expression="$func:accountId"/>
                        <arg evaluator="xml" expression="$func:statementId"/>
                    </args>
                </payloadFactory>
            </case>
            <default/>
        </switch>
        <call-template description="setting http properties and calling NIS" target="callOLBEndpoint"/>
    </sequence>
</template>
